-- MySQL dump 10.13  Distrib 5.1.48, for Win32 (ia32)
--
-- Host: localhost    Database: SAIKRUPA_DB_DEV_100
-- ------------------------------------------------------
-- Server version	5.1.48-community

/*!40101 SET @OLD_CHARACTER_SET_CLIENT=@@CHARACTER_SET_CLIENT */;
/*!40101 SET @OLD_CHARACTER_SET_RESULTS=@@CHARACTER_SET_RESULTS */;
/*!40101 SET @OLD_COLLATION_CONNECTION=@@COLLATION_CONNECTION */;
/*!40101 SET NAMES utf8 */;
/*!40103 SET @OLD_TIME_ZONE=@@TIME_ZONE */;
/*!40103 SET TIME_ZONE='+00:00' */;
/*!40014 SET @OLD_UNIQUE_CHECKS=@@UNIQUE_CHECKS, UNIQUE_CHECKS=0 */;
/*!40014 SET @OLD_FOREIGN_KEY_CHECKS=@@FOREIGN_KEY_CHECKS, FOREIGN_KEY_CHECKS=0 */;
/*!40101 SET @OLD_SQL_MODE=@@SQL_MODE, SQL_MODE='NO_AUTO_VALUE_ON_ZERO' */;
/*!40111 SET @OLD_SQL_NOTES=@@SQL_NOTES, SQL_NOTES=0 */;

--
-- Table structure for table `address`
--

DROP TABLE IF EXISTS `address`;
/*!40101 SET @saved_cs_client     = @@character_set_client */;
/*!40101 SET character_set_client = utf8 */;
CREATE TABLE `address` (
  `ADDRESS_CODE` int(5) NOT NULL AUTO_INCREMENT,
  `ADDRESS_LINE1` varchar(100) NOT NULL,
  `ADDRESS_LINE2` varchar(100) DEFAULT NULL,
  `ADDRESS_LINE3` varchar(100) DEFAULT NULL,
  `ADDRESS_LANDMARK` varchar(30) DEFAULT NULL,
  `CONTACT_PERSON_CODE` int(5) NOT NULL,
  `CREATED_BY` varchar(10) DEFAULT NULL,
  PRIMARY KEY (`ADDRESS_CODE`),
  KEY `ID_CONTACT_PERSON` (`CONTACT_PERSON_CODE`),
  CONSTRAINT `address_ibfk_1` FOREIGN KEY (`CONTACT_PERSON_CODE`) REFERENCES `contact_person` (`CODE`) ON DELETE CASCADE
) ENGINE=InnoDB AUTO_INCREMENT=1000 DEFAULT CHARSET=latin1;
/*!40101 SET character_set_client = @saved_cs_client */;

--
-- Dumping data for table `address`
--

LOCK TABLES `address` WRITE;
/*!40000 ALTER TABLE `address` DISABLE KEYS */;
/*!40000 ALTER TABLE `address` ENABLE KEYS */;
UNLOCK TABLES;

--
-- Table structure for table `adhoc_payment_entry`
--

DROP TABLE IF EXISTS `adhoc_payment_entry`;
/*!40101 SET @saved_cs_client     = @@character_set_client */;
/*!40101 SET character_set_client = utf8 */;
CREATE TABLE `adhoc_payment_entry` (
  `CODE` int(10) NOT NULL AUTO_INCREMENT,
  `AD_PAYMENT_ENTRY_NO` int(2) NOT NULL,
  `AD_PAYABLE_AMOUNT` double(10,2) NOT NULL,
  `PAID_AMOUNT` double(10,2) NOT NULL,
  `PAYMENT_DATE` timestamp NOT NULL DEFAULT CURRENT_TIMESTAMP ON UPDATE CURRENT_TIMESTAMP,
  `AD_ADJUSTED` int(1) NOT NULL,
  `CUSTOMER_CODE` int(10) NOT NULL,
  `PAYMENT_MODE` int(4) DEFAULT NULL,
  `CHEQUE_NO` varchar(20) DEFAULT NULL,
  PRIMARY KEY (`CODE`),
  KEY `CUSTOMER_CODE` (`CUSTOMER_CODE`),
  CONSTRAINT `adhoc_payment_entry_ibfk_1` FOREIGN KEY (`CUSTOMER_CODE`) REFERENCES `customer` (`CODE`) ON DELETE CASCADE
) ENGINE=InnoDB AUTO_INCREMENT=1000 DEFAULT CHARSET=latin1;
/*!40101 SET character_set_client = @saved_cs_client */;

--
-- Dumping data for table `adhoc_payment_entry`
--

LOCK TABLES `adhoc_payment_entry` WRITE;
/*!40000 ALTER TABLE `adhoc_payment_entry` DISABLE KEYS */;
/*!40000 ALTER TABLE `adhoc_payment_entry` ENABLE KEYS */;
UNLOCK TABLES;

--
-- Table structure for table `application_role`
--

DROP TABLE IF EXISTS `application_role`;
/*!40101 SET @saved_cs_client     = @@character_set_client */;
/*!40101 SET character_set_client = utf8 */;
CREATE TABLE `application_role` (
  `CODE` int(11) NOT NULL,
  `NAME` varchar(30) NOT NULL,
  PRIMARY KEY (`CODE`)
) ENGINE=InnoDB DEFAULT CHARSET=latin1;
/*!40101 SET character_set_client = @saved_cs_client */;

--
-- Dumping data for table `application_role`
--

LOCK TABLES `application_role` WRITE;
/*!40000 ALTER TABLE `application_role` DISABLE KEYS */;
INSERT INTO `application_role` VALUES (1000,'ADMIN_ROLE'),(1001,'EMPLOYEE_ROLE');
/*!40000 ALTER TABLE `application_role` ENABLE KEYS */;
UNLOCK TABLES;

--
-- Table structure for table `application_user`
--

DROP TABLE IF EXISTS `application_user`;
/*!40101 SET @saved_cs_client     = @@character_set_client */;
/*!40101 SET character_set_client = utf8 */;
CREATE TABLE `application_user` (
  `CODE` varchar(10) NOT NULL,
  `PASSCODE` varchar(255) NOT NULL,
  `NAME` varchar(30) NOT NULL,
  `CONTACT` bigint(12) NOT NULL,
  `CREATED_DATE` timestamp NOT NULL DEFAULT CURRENT_TIMESTAMP ON UPDATE CURRENT_TIMESTAMP,
  `LAST_MODIFIED_BY` varchar(10) NOT NULL,
  `USER_ROLE` int(11) NOT NULL,
  `LAST_LOGGED_ON` timestamp NOT NULL DEFAULT '0000-00-00 00:00:00',
  PRIMARY KEY (`CODE`),
  KEY `USER_ROLE` (`USER_ROLE`),
  CONSTRAINT `application_user_ibfk_1` FOREIGN KEY (`USER_ROLE`) REFERENCES `application_role` (`CODE`)
) ENGINE=InnoDB DEFAULT CHARSET=latin1;
/*!40101 SET character_set_client = @saved_cs_client */;

--
-- Dumping data for table `application_user`
--

LOCK TABLES `application_user` WRITE;
/*!40000 ALTER TABLE `application_user` DISABLE KEYS */;
INSERT INTO `application_user` VALUES ('admin','Z8eF4loNOE1JeEjGukAMIQ==','Admin User',9035476943,'2018-11-02 18:30:00','admin',1000,'2018-11-02 18:30:00');
/*!40000 ALTER TABLE `application_user` ENABLE KEYS */;
UNLOCK TABLES;

--
-- Table structure for table `com_order`
--

DROP TABLE IF EXISTS `com_order`;
/*!40101 SET @saved_cs_client     = @@character_set_client */;
/*!40101 SET character_set_client = utf8 */;
CREATE TABLE `com_order` (
  `CODE` int(10) NOT NULL AUTO_INCREMENT,
  `ORDER_STATUS` int(1) NOT NULL,
  `PAYMENT_STATUS` int(1) NOT NULL,
  `DELIVERY_STATUS` int(1) NOT NULL,
  `CUSTOMER_CODE` int(5) NOT NULL,
  `CREATED_DATE` timestamp NOT NULL DEFAULT CURRENT_TIMESTAMP ON UPDATE CURRENT_TIMESTAMP,
  `CREATED_BY` varchar(10) NOT NULL,
  `MODIFIED_DATE` timestamp NOT NULL DEFAULT '0000-00-00 00:00:00',
  `LAST_MODIFIED_BY` varchar(10) NOT NULL,
  PRIMARY KEY (`CODE`),
  KEY `ID_COM_ORDER` (`CODE`),
  KEY `CUSTOMER_CODE` (`CUSTOMER_CODE`),
  CONSTRAINT `com_order_ibfk_1` FOREIGN KEY (`CUSTOMER_CODE`) REFERENCES `customer` (`CODE`) ON DELETE CASCADE
) ENGINE=InnoDB AUTO_INCREMENT=5622 DEFAULT CHARSET=latin1;
/*!40101 SET character_set_client = @saved_cs_client */;

--
-- Dumping data for table `com_order`
--

LOCK TABLES `com_order` WRITE;
/*!40000 ALTER TABLE `com_order` DISABLE KEYS */;
INSERT INTO `com_order` VALUES (5000,0,1,1,1058,'2017-05-31 18:30:00','admin','2018-11-03 13:12:10','admin'),(5001,0,1,1,1058,'2017-05-31 18:30:00','admin','2018-11-03 13:12:59','admin'),(5002,0,1,1,1137,'2017-06-01 18:30:00','admin','2018-11-03 14:23:26','admin'),(5003,0,1,1,1136,'2017-06-30 18:30:00','admin','2018-11-03 14:24:56','admin'),(5004,0,1,1,1136,'2017-06-30 18:30:00','admin','2018-11-03 14:26:33','admin'),(5005,0,1,1,1007,'2017-07-02 18:30:00','admin','2018-11-03 14:28:44','admin'),(5006,0,1,1,1135,'2017-08-02 18:30:00','admin','2018-11-03 14:32:44','admin'),(5007,0,1,1,1030,'2017-08-05 18:30:00','admin','2018-11-03 14:40:08','admin'),(5008,0,1,1,1017,'2017-08-08 18:30:00','admin','2018-11-03 17:47:00','admin'),(5009,0,1,1,1094,'2017-08-09 18:30:00','admin','2018-11-03 17:49:17','admin'),(5010,0,1,1,1106,'2017-08-09 18:30:00','admin','2018-11-04 02:48:53','admin'),(5011,0,1,1,1061,'2017-07-10 18:30:00','admin','2018-11-04 03:01:04','admin'),(5012,0,1,1,1106,'2017-08-09 18:30:00','admin','2018-11-04 03:03:26','admin'),(5013,0,1,1,1106,'2017-08-11 18:30:00','admin','2018-11-04 03:05:08','admin'),(5014,0,1,1,1106,'2017-08-11 18:30:00','admin','2018-11-04 03:05:51','admin'),(5015,0,1,1,1104,'2017-08-12 18:30:00','admin','2018-11-04 03:10:39','admin'),(5016,0,1,1,1104,'2017-08-13 18:30:00','admin','2018-11-04 03:13:21','admin'),(5017,0,1,1,1104,'2017-08-13 18:30:00','admin','2018-11-04 03:14:07','admin'),(5018,0,1,1,1104,'2017-08-13 18:30:00','admin','2018-11-04 03:14:28','admin'),(5019,0,1,1,1104,'2017-08-16 18:30:00','admin','2018-11-04 03:15:09','admin'),(5020,0,1,1,1104,'2017-08-18 18:30:00','admin','2018-11-04 03:15:42','admin'),(5021,0,1,1,1094,'2017-08-18 18:30:00','admin','2018-11-04 03:17:25','admin'),(5022,0,1,1,1104,'2017-08-19 18:30:00','admin','2018-11-04 03:18:17','admin'),(5023,0,1,1,1081,'2017-08-19 18:30:00','admin','2018-11-04 03:19:23','admin'),(5024,0,1,1,1081,'2017-08-20 18:30:00','admin','2018-11-04 03:19:55','admin'),(5025,0,1,1,1104,'2017-08-20 18:30:00','admin','2018-11-04 03:20:50','admin'),(5026,0,1,1,1034,'2017-08-20 18:30:00','admin','2018-11-04 03:23:05','admin'),(5027,0,1,1,1137,'2017-08-21 18:30:00','admin','2018-11-04 03:23:54','admin'),(5028,0,1,1,1137,'2017-08-21 18:30:00','admin','2018-11-04 03:24:19','admin'),(5029,0,1,1,1011,'2017-08-22 18:30:00','admin','2018-11-04 03:26:32','admin'),(5030,0,1,1,1013,'2017-08-23 18:30:00','admin','2018-11-04 03:27:32','admin'),(5031,0,1,1,1104,'2017-08-23 18:30:00','admin','2018-11-04 03:29:02','admin'),(5032,0,1,1,1104,'2017-08-24 18:30:00','admin','2018-11-04 03:29:38','admin'),(5033,0,1,1,1124,'2017-08-24 18:30:00','admin','2018-11-04 03:30:35','admin'),(5034,0,1,1,1104,'2017-08-26 18:30:00','admin','2018-11-04 03:31:17','admin'),(5035,0,1,1,1104,'2017-08-26 18:30:00','admin','2018-11-04 03:31:44','admin'),(5036,0,1,1,1104,'2017-08-27 18:30:00','admin','2018-11-04 03:32:26','admin'),(5037,0,1,1,1104,'2017-08-27 18:30:00','admin','2018-11-04 03:32:49','admin'),(5038,0,1,1,1104,'2017-08-27 18:30:00','admin','2018-11-04 03:33:24','admin'),(5039,0,1,1,1081,'2017-08-28 18:30:00','admin','2018-11-04 03:34:25','admin'),(5040,0,1,1,1081,'2017-08-28 18:30:00','admin','2018-11-04 03:34:53','admin'),(5041,0,1,1,1093,'2017-08-30 18:30:00','admin','2018-11-04 03:35:34','admin'),(5042,0,1,1,1134,'2017-08-30 18:30:00','admin','2018-11-04 03:40:25','admin'),(5043,0,1,1,1054,'2017-08-30 18:30:00','admin','2018-11-04 03:41:23','admin'),(5044,0,1,1,1093,'2017-08-30 18:30:00','admin','2018-11-04 03:42:01','admin'),(5045,0,1,1,1054,'2017-08-30 18:30:00','admin','2018-11-04 03:42:40','admin'),(5046,0,1,1,1104,'2017-09-01 18:30:00','admin','2018-11-04 03:43:28','admin'),(5047,0,1,1,1104,'2017-09-03 18:30:00','admin','2018-11-04 03:43:59','admin'),(5048,0,1,1,1104,'2017-09-03 18:30:00','admin','2018-11-04 03:44:22','admin'),(5049,0,1,1,1043,'2017-09-04 18:30:00','admin','2018-11-04 03:45:06','admin'),(5050,0,1,1,1120,'2017-09-04 18:30:00','admin','2018-11-04 03:45:52','admin'),(5051,0,1,1,1084,'2017-09-04 18:30:00','admin','2018-11-04 03:47:05','admin'),(5052,0,1,1,1084,'2017-09-05 18:30:00','admin','2018-11-04 03:47:48','admin'),(5053,0,1,1,1143,'2017-09-05 18:30:00','admin','2018-11-04 03:48:36','admin'),(5054,0,1,1,1084,'2017-09-05 18:30:00','admin','2018-11-04 04:10:17','admin'),(5055,0,1,1,1116,'2017-09-05 18:30:00','admin','2018-11-04 04:10:58','admin'),(5056,0,1,1,1084,'2017-09-05 18:30:00','admin','2018-11-04 04:11:35','admin'),(5057,0,1,1,1120,'2017-09-05 18:30:00','admin','2018-11-04 04:12:22','admin'),(5058,0,1,1,1084,'2017-09-07 18:30:00','admin','2018-11-04 04:13:01','admin'),(5059,0,1,1,1084,'2017-09-07 18:30:00','admin','2018-11-04 04:13:38','admin'),(5060,0,1,1,1111,'2017-09-07 18:30:00','admin','2018-11-04 04:14:25','admin'),(5061,0,1,1,1084,'2017-09-07 18:30:00','admin','2018-11-04 04:15:51','admin'),(5062,0,1,1,1084,'2017-09-08 18:30:00','admin','2018-11-04 04:17:14','admin'),(5063,0,1,1,1084,'2017-09-08 18:30:00','admin','2018-11-04 04:17:46','admin'),(5064,0,1,1,1134,'2017-09-08 18:30:00','admin','2018-11-04 04:18:29','admin'),(5065,0,1,1,1104,'2017-09-09 18:30:00','admin','2018-11-04 04:19:08','admin'),(5066,0,1,1,1017,'2017-09-09 18:30:00','admin','2018-11-04 04:19:57','admin'),(5067,0,1,1,1084,'2017-09-10 18:30:00','admin','2018-11-04 04:22:18','admin'),(5068,0,1,1,1084,'2017-09-11 18:30:00','admin','2018-11-04 04:23:12','admin'),(5069,0,1,1,1084,'2017-09-11 18:30:00','admin','2018-11-04 04:23:50','admin'),(5070,0,1,1,1084,'2017-09-12 18:30:00','admin','2018-11-04 04:24:23','admin'),(5071,0,1,1,1004,'2017-09-12 18:30:00','admin','2018-11-04 04:25:40','admin'),(5072,0,1,1,1104,'2017-09-15 18:30:00','admin','2018-11-04 04:26:20','admin'),(5073,0,1,1,1043,'2017-09-17 18:30:00','admin','2018-11-04 04:27:05','admin'),(5074,0,1,1,1006,'2017-09-17 18:30:00','admin','2018-11-04 04:27:49','admin'),(5075,0,1,1,1043,'2017-09-17 18:30:00','admin','2018-11-04 04:28:32','admin'),(5076,0,1,1,1047,'2017-10-08 18:30:00','admin','2018-11-04 04:32:43','admin'),(5077,0,1,1,1027,'2017-10-25 18:30:00','admin','2018-11-04 04:33:39','admin'),(5078,0,1,1,1024,'2017-10-25 18:30:00','admin','2018-11-04 04:35:02','admin'),(5079,0,1,1,1098,'2017-10-26 18:30:00','admin','2018-11-04 04:36:53','admin'),(5080,0,1,1,1098,'2017-10-27 18:30:00','admin','2018-11-04 04:37:23','admin'),(5081,0,1,1,1064,'2017-10-27 18:30:00','admin','2018-11-04 04:38:29','admin'),(5082,0,1,1,1010,'2017-10-28 18:30:00','admin','2018-11-04 04:39:11','admin'),(5083,0,1,1,1027,'2017-10-28 18:30:00','admin','2018-11-04 04:39:58','admin'),(5084,0,1,1,1064,'2017-10-28 18:30:00','admin','2018-11-04 04:40:38','admin'),(5085,0,1,1,1005,'2017-10-29 18:30:00','admin','2018-11-04 04:41:27','admin'),(5086,0,1,1,1005,'2017-10-29 18:30:00','admin','2018-11-04 04:41:53','admin'),(5087,0,1,1,1009,'2017-10-29 18:30:00','admin','2018-11-04 04:42:47','admin'),(5088,0,1,1,1099,'2017-10-29 18:30:00','admin','2018-11-04 04:43:36','admin'),(5089,0,1,1,1051,'2017-10-31 18:30:00','admin','2018-11-04 04:44:31','admin'),(5090,0,1,1,1005,'2017-11-01 18:30:00','admin','2018-11-04 04:45:24','admin'),(5091,0,1,1,1051,'2017-11-01 18:30:00','admin','2018-11-04 04:46:00','admin'),(5092,0,1,1,1020,'2017-11-02 18:30:00','admin','2018-11-04 04:46:38','admin'),(5093,0,1,1,1075,'2017-11-02 18:30:00','admin','2018-11-04 04:47:21','admin'),(5094,0,1,1,1122,'2017-11-02 18:30:00','admin','2018-11-04 04:51:43','admin'),(5095,0,1,1,1009,'2017-11-03 18:30:00','admin','2018-11-04 04:53:07','admin'),(5096,0,1,1,1005,'2017-11-04 18:30:00','admin','2018-11-04 04:54:10','admin'),(5097,0,1,1,1065,'2017-12-01 18:30:00','admin','2018-11-04 04:54:59','admin'),(5098,0,1,1,1089,'2017-12-02 18:30:00','admin','2018-11-04 04:55:51','admin'),(5099,0,1,1,1006,'2017-12-02 18:30:00','admin','2018-11-04 04:56:47','admin'),(5100,0,1,1,1042,'2017-12-04 18:30:00','admin','2018-11-04 04:58:34','admin'),(5101,0,1,1,1002,'2017-12-04 18:30:00','admin','2018-11-04 04:59:24','admin'),(5102,0,1,1,1098,'2017-12-04 18:30:00','admin','2018-11-04 05:00:02','admin'),(5103,0,1,1,1002,'2017-12-04 18:30:00','admin','2018-11-04 05:01:06','admin'),(5104,0,1,1,1042,'2017-12-04 18:30:00','admin','2018-11-04 05:01:36','admin'),(5105,0,1,1,1098,'2017-12-04 18:30:00','admin','2018-11-04 05:02:05','admin'),(5106,0,1,1,1130,'2017-12-05 18:30:00','admin','2018-11-04 05:03:38','admin'),(5107,0,1,1,1144,'2017-12-05 18:30:00','admin','2018-11-04 05:04:20','admin'),(5108,0,1,1,1068,'2017-12-05 18:30:00','admin','2018-11-04 05:05:16','admin'),(5109,0,1,1,1144,'2017-12-05 18:30:00','admin','2018-11-04 05:05:59','admin'),(5110,0,1,1,1130,'2017-12-06 18:30:00','admin','2018-11-04 05:06:27','admin'),(5111,0,1,1,1098,'2017-12-06 18:30:00','admin','2018-11-04 05:07:08','admin'),(5112,0,1,1,1006,'2017-12-06 18:30:00','admin','2018-11-04 05:07:36','admin'),(5113,0,1,1,1032,'2017-12-06 18:30:00','admin','2018-11-04 05:08:34','admin'),(5114,0,1,1,1032,'2017-12-06 18:30:00','admin','2018-11-04 05:09:02','admin'),(5115,0,1,1,1032,'2017-12-06 18:30:00','admin','2018-11-04 05:09:28','admin'),(5116,0,1,1,1006,'2017-12-06 18:30:00','admin','2018-11-04 05:10:21','admin'),(5117,0,1,1,1045,'2017-12-06 18:30:00','admin','2018-11-04 05:11:37','admin'),(5118,0,1,1,1055,'2017-12-08 18:30:00','admin','2018-11-04 05:12:45','admin'),(5119,0,1,1,1055,'2017-12-08 18:30:00','admin','2018-11-04 05:13:22','admin'),(5120,0,1,1,1066,'2017-12-08 18:30:00','admin','2018-11-04 05:14:21','admin'),(5121,0,1,1,1055,'2017-12-09 18:30:00','admin','2018-11-04 05:14:50','admin'),(5122,0,1,1,1055,'2017-12-09 18:30:00','admin','2018-11-04 05:15:41','admin'),(5123,0,1,1,1151,'2017-12-11 18:30:00','admin','2018-11-04 05:17:16','admin'),(5124,0,1,1,1088,'2017-12-11 18:30:00','admin','2018-11-04 05:18:33','admin'),(5125,0,1,1,1008,'2017-12-11 18:30:00','admin','2018-11-04 05:19:14','admin'),(5126,0,1,1,1055,'2017-12-12 18:30:00','admin','2018-11-04 05:20:42','admin'),(5127,0,1,1,1008,'2017-12-12 18:30:00','admin','2018-11-04 05:21:15','admin'),(5128,0,1,1,1100,'2017-12-12 18:30:00','admin','2018-11-04 05:21:59','admin'),(5129,0,1,1,1108,'2017-12-13 18:30:00','admin','2018-11-04 05:22:51','admin'),(5130,0,1,1,1055,'2017-12-13 18:30:00','admin','2018-11-04 05:23:17','admin'),(5131,0,1,1,1032,'2017-12-14 18:30:00','admin','2018-11-04 05:23:52','admin'),(5132,0,1,1,1032,'2017-12-14 18:30:00','admin','2018-11-04 05:24:15','admin'),(5133,0,1,1,1065,'2017-12-15 18:30:00','admin','2018-11-04 05:25:30','admin'),(5134,0,1,1,1006,'2017-12-16 18:30:00','admin','2018-11-04 05:26:16','admin'),(5135,0,1,1,1075,'2017-12-20 18:30:00','admin','2018-11-04 05:40:33','admin'),(5136,0,1,1,1055,'2017-12-26 18:30:00','admin','2018-11-04 05:41:07','admin'),(5137,0,1,1,1130,'2017-12-26 18:30:00','admin','2018-11-04 05:42:05','admin'),(5138,0,1,1,1130,'2017-12-26 18:30:00','admin','2018-11-04 05:42:35','admin'),(5139,0,1,1,1110,'2017-12-26 18:30:00','admin','2018-11-04 05:44:01','admin'),(5140,0,1,1,1059,'2017-12-27 18:30:00','admin','2018-11-04 05:46:07','admin'),(5141,0,1,1,1059,'2017-12-27 18:30:00','admin','2018-11-04 05:46:55','admin'),(5142,0,1,1,1127,'2017-12-27 18:30:00','admin','2018-11-04 05:48:41','admin'),(5143,0,1,1,1127,'2017-12-27 18:30:00','admin','2018-11-04 05:49:34','admin'),(5144,0,1,1,1087,'2017-12-27 18:30:00','admin','2018-11-04 05:50:29','admin'),(5145,0,1,1,1078,'2017-12-27 18:30:00','admin','2018-11-04 05:51:36','admin'),(5146,0,1,1,1055,'2017-12-27 18:30:00','admin','2018-11-04 05:52:09','admin'),(5147,0,1,1,1076,'2017-12-27 18:30:00','admin','2018-11-04 05:52:54','admin'),(5148,0,1,1,1146,'2017-12-28 18:30:00','admin','2018-11-04 05:53:51','admin'),(5149,0,1,1,1076,'2017-12-28 18:30:00','admin','2018-11-04 05:54:33','admin'),(5150,0,1,1,1055,'2017-12-29 18:30:00','admin','2018-11-04 05:55:05','admin'),(5151,0,1,1,1127,'2017-12-29 18:30:00','admin','2018-11-04 05:58:45','admin'),(5152,0,1,1,1131,'2017-12-29 18:30:00','admin','2018-11-04 06:01:06','admin'),(5153,0,1,1,1131,'2017-12-29 18:30:00','admin','2018-11-04 06:01:50','admin'),(5154,0,1,1,1131,'2017-12-30 18:30:00','admin','2018-11-04 06:03:12','admin'),(5155,0,1,1,1102,'2017-12-30 18:30:00','admin','2018-11-04 06:03:52','admin'),(5156,0,1,1,1110,'2017-12-30 18:30:00','admin','2018-11-04 06:04:32','admin'),(5157,0,1,1,1032,'2017-12-30 18:30:00','admin','2018-11-04 06:05:19','admin'),(5158,0,1,1,1129,'2017-09-09 18:30:00','admin','2018-11-04 06:25:00','admin'),(5159,0,1,1,1129,'2017-09-10 18:30:00','admin','2018-11-04 06:26:00','admin'),(5160,0,1,1,1129,'2017-09-12 18:30:00','admin','2018-11-04 06:26:38','admin'),(5161,0,1,1,1129,'2017-09-12 18:30:00','admin','2018-11-04 06:27:05','admin'),(5162,0,1,1,1081,'2017-10-08 18:30:00','admin','2018-11-04 06:28:36','admin'),(5163,0,1,1,1129,'2017-10-13 18:30:00','admin','2018-11-04 06:29:21','admin'),(5164,0,1,1,1095,'2017-10-16 18:30:00','admin','2018-11-04 06:30:04','admin'),(5165,0,1,1,1095,'2017-10-17 18:30:00','admin','2018-11-04 06:31:07','admin'),(5166,0,1,1,1075,'2017-10-22 18:30:00','admin','2018-11-04 06:32:12','admin'),(5167,0,1,1,1064,'2017-10-23 18:30:00','admin','2018-11-04 06:33:05','admin'),(5168,0,1,1,1095,'2017-10-26 18:30:00','admin','2018-11-04 06:34:00','admin'),(5169,0,1,1,1129,'2017-10-28 18:30:00','admin','2018-11-04 06:34:38','admin'),(5170,0,1,1,1095,'2017-10-29 18:30:00','admin','2018-11-04 06:35:19','admin'),(5171,0,1,1,1094,'2017-08-03 18:30:00','admin','2018-11-04 06:44:28','admin'),(5172,0,1,1,1094,'2017-08-03 18:30:00','admin','2018-11-04 06:44:54','admin'),(5173,0,1,1,1094,'2017-08-10 18:30:00','admin','2018-11-04 06:48:43','admin'),(5174,0,1,1,1006,'2017-08-19 18:30:00','admin','2018-11-04 06:50:51','admin'),(5175,0,1,1,1098,'2017-08-19 18:30:00','admin','2018-11-04 06:53:06','admin'),(5176,0,1,1,1144,'2017-08-20 18:30:00','admin','2018-11-04 06:54:00','admin'),(5177,0,1,1,1144,'2017-08-20 18:30:00','admin','2018-11-04 06:54:31','admin'),(5178,0,1,1,1098,'2017-08-20 18:30:00','admin','2018-11-04 06:55:14','admin'),(5179,0,1,1,1144,'2017-08-21 18:30:00','admin','2018-11-04 06:55:52','admin'),(5180,0,1,1,1144,'2017-08-21 18:30:00','admin','2018-11-04 06:56:14','admin'),(5181,0,1,1,1098,'2017-08-22 18:30:00','admin','2018-11-04 06:56:56','admin'),(5182,0,1,1,1084,'2017-08-22 18:30:00','admin','2018-11-04 06:57:41','admin'),(5183,0,1,1,1098,'2017-08-22 18:30:00','admin','2018-11-04 06:58:12','admin'),(5184,0,1,1,1084,'2017-08-22 18:30:00','admin','2018-11-04 06:58:48','admin'),(5185,0,1,1,1144,'2017-08-23 18:30:00','admin','2018-11-04 06:59:47','admin'),(5186,0,1,1,1144,'2017-08-23 18:30:00','admin','2018-11-04 07:00:07','admin'),(5187,0,1,1,1144,'2017-08-23 18:30:00','admin','2018-11-04 07:00:43','admin'),(5188,0,1,1,1144,'2017-08-23 18:30:00','admin','2018-11-04 07:01:07','admin'),(5189,0,1,1,1084,'2017-08-24 18:30:00','admin','2018-11-04 07:01:44','admin'),(5190,0,1,1,1144,'2017-08-24 18:30:00','admin','2018-11-04 07:02:31','admin'),(5191,0,1,1,1144,'2017-08-28 18:30:00','admin','2018-11-04 07:03:00','admin'),(5192,0,1,1,1094,'2017-08-28 18:30:00','admin','2018-11-04 07:07:20','admin'),(5193,0,1,1,1144,'2017-08-28 18:30:00','admin','2018-11-04 07:08:00','admin'),(5194,0,1,1,1094,'2017-08-28 18:30:00','admin','2018-11-04 07:12:07','admin'),(5195,0,1,1,1098,'2017-08-29 18:30:00','admin','2018-11-04 07:13:49','admin'),(5196,0,1,1,1098,'2017-08-29 18:30:00','admin','2018-11-04 07:14:39','admin'),(5197,0,1,1,1006,'2017-08-30 18:30:00','admin','2018-11-04 07:15:21','admin'),(5198,0,1,1,1144,'2017-08-31 18:30:00','admin','2018-11-04 07:16:01','admin'),(5199,0,1,1,1144,'2017-08-31 18:30:00','admin','2018-11-04 07:16:25','admin'),(5200,0,1,1,1144,'2017-08-31 18:30:00','admin','2018-11-04 07:16:51','admin'),(5201,0,1,1,1144,'2017-08-31 18:30:00','admin','2018-11-04 07:17:19','admin'),(5202,0,1,1,1126,'2017-09-01 18:30:00','admin','2018-11-04 07:19:16','admin'),(5203,0,1,1,1006,'2017-09-01 18:30:00','admin','2018-11-04 07:19:49','admin'),(5204,0,1,1,1084,'2017-09-02 18:30:00','admin','2018-11-04 07:20:36','admin'),(5205,0,1,1,1084,'2017-09-02 18:30:00','admin','2018-11-04 07:21:02','admin'),(5206,0,1,1,1084,'2017-09-02 18:30:00','admin','2018-11-04 07:21:39','admin'),(5207,0,1,1,1084,'2017-09-02 18:30:00','admin','2018-11-04 07:22:05','admin'),(5208,0,1,1,1126,'2017-09-02 18:30:00','admin','2018-11-04 07:22:38','admin'),(5209,0,1,1,1084,'2017-09-04 18:30:00','admin','2018-11-04 07:24:10','admin'),(5210,0,1,1,1144,'2017-09-08 18:30:00','admin','2018-11-04 07:26:08','admin'),(5211,0,1,1,1144,'2017-09-08 18:30:00','admin','2018-11-04 07:26:32','admin'),(5212,0,1,1,1006,'2017-09-09 18:30:00','admin','2018-11-04 07:27:10','admin'),(5213,0,1,1,1144,'2017-09-09 18:30:00','admin','2018-11-04 07:27:46','admin'),(5214,0,1,1,1144,'2017-09-09 18:30:00','admin','2018-11-04 07:28:09','admin'),(5215,0,1,1,1098,'2017-09-09 18:30:00','admin','2018-11-04 07:30:06','admin'),(5216,0,1,1,1144,'2017-09-09 18:30:00','admin','2018-11-04 07:30:42','admin'),(5217,0,1,1,1006,'2017-09-10 18:30:00','admin','2018-11-04 07:31:35','admin'),(5218,0,1,1,1144,'2017-09-10 18:30:00','admin','2018-11-04 07:32:06','admin'),(5219,0,1,1,1144,'2017-09-10 18:30:00','admin','2018-11-04 07:32:51','admin'),(5220,0,1,1,1003,'2017-09-11 18:30:00','admin','2018-11-04 07:33:46','admin'),(5221,0,1,1,1144,'2017-09-11 18:30:00','admin','2018-11-04 07:34:39','admin'),(5222,0,1,1,1144,'2017-09-11 18:30:00','admin','2018-11-04 07:35:00','admin'),(5223,0,1,1,1144,'2017-09-11 18:30:00','admin','2018-11-04 07:35:20','admin'),(5224,0,1,1,1144,'2017-09-12 18:30:00','admin','2018-11-04 07:35:56','admin'),(5225,0,1,1,1144,'2017-09-12 18:30:00','admin','2018-11-04 07:36:17','admin'),(5226,0,1,1,1006,'2017-09-13 18:30:00','admin','2018-11-04 07:38:36','admin'),(5227,0,1,1,1144,'2017-09-13 18:30:00','admin','2018-11-04 07:39:50','admin'),(5228,0,1,1,1144,'2017-09-13 18:30:00','admin','2018-11-04 07:40:18','admin'),(5229,0,1,1,1084,'2017-09-13 18:30:00','admin','2018-11-04 07:41:05','admin'),(5230,0,1,1,1084,'2017-09-13 18:30:00','admin','2018-11-04 07:41:29','admin'),(5231,0,1,1,1084,'2017-09-13 18:30:00','admin','2018-11-04 07:41:54','admin'),(5232,0,1,1,1084,'2017-09-14 18:30:00','admin','2018-11-04 07:42:34','admin'),(5233,0,1,1,1144,'2017-09-14 18:30:00','admin','2018-11-04 07:43:13','admin'),(5234,0,1,1,1084,'2017-09-14 18:30:00','admin','2018-11-04 07:43:44','admin'),(5235,0,1,1,1144,'2017-09-14 18:30:00','admin','2018-11-04 07:44:11','admin'),(5236,0,1,1,1096,'2017-09-15 18:30:00','admin','2018-11-04 07:48:55','admin'),(5237,0,1,1,1144,'2017-09-15 18:30:00','admin','2018-11-04 07:49:33','admin'),(5238,0,1,1,1144,'2017-09-15 18:30:00','admin','2018-11-04 07:49:58','admin'),(5239,0,1,1,1144,'2017-09-15 18:30:00','admin','2018-11-04 07:50:16','admin'),(5240,0,1,1,1144,'2017-09-15 18:30:00','admin','2018-11-04 07:50:39','admin'),(5241,0,1,1,1084,'2017-09-19 18:30:00','admin','2018-11-04 07:51:42','admin'),(5242,0,1,1,1123,'2017-09-19 18:30:00','admin','2018-11-04 07:52:27','admin'),(5243,0,1,1,1084,'2017-09-19 18:30:00','admin','2018-11-04 07:53:16','admin'),(5244,0,1,1,1144,'2017-09-19 18:30:00','admin','2018-11-04 07:53:48','admin'),(5245,0,1,1,1123,'2017-09-20 18:30:00','admin','2018-11-04 07:54:26','admin'),(5246,0,1,1,1144,'2017-09-20 18:30:00','admin','2018-11-04 07:55:00','admin'),(5247,0,1,1,1144,'2017-09-20 18:30:00','admin','2018-11-04 07:55:23','admin'),(5248,0,1,1,1123,'2017-09-20 18:30:00','admin','2018-11-04 07:55:59','admin'),(5249,0,1,1,1084,'2017-09-20 18:30:00','admin','2018-11-04 07:56:36','admin'),(5250,0,1,1,1144,'2017-09-21 18:30:00','admin','2018-11-04 09:04:19','admin'),(5251,0,1,1,1144,'2017-09-21 18:30:00','admin','2018-11-04 09:04:40','admin'),(5252,0,1,1,1144,'2017-09-21 18:30:00','admin','2018-11-04 09:05:06','admin'),(5253,0,1,1,1144,'2017-09-21 18:30:00','admin','2018-11-04 09:05:30','admin'),(5254,0,1,1,1004,'2017-09-21 18:30:00','admin','2018-11-04 09:06:37','admin'),(5255,0,1,1,1144,'2017-09-22 18:30:00','admin','2018-11-04 09:07:14','admin'),(5256,0,1,1,1144,'2017-09-22 18:30:00','admin','2018-11-04 09:07:40','admin'),(5257,0,1,1,1006,'2017-09-22 18:30:00','admin','2018-11-04 09:10:39','admin'),(5258,0,1,1,1006,'2017-09-22 18:30:00','admin','2018-11-04 09:11:12','admin'),(5259,0,1,1,1098,'2017-09-23 18:30:00','admin','2018-11-04 09:12:04','admin'),(5260,0,1,1,1098,'2017-09-23 18:30:00','admin','2018-11-04 09:12:37','admin'),(5261,0,1,1,1098,'2017-09-26 18:30:00','admin','2018-11-04 09:13:17','admin'),(5262,0,1,1,1098,'2017-09-26 18:30:00','admin','2018-11-04 09:14:04','admin'),(5263,0,1,1,1098,'2017-09-26 18:30:00','admin','2018-11-04 09:14:35','admin'),(5264,0,1,1,1084,'2017-09-27 18:30:00','admin','2018-11-04 09:15:30','admin'),(5265,0,1,1,1098,'2017-09-27 18:30:00','admin','2018-11-04 09:16:19','admin'),(5266,0,1,1,1098,'2017-09-27 18:30:00','admin','2018-11-04 09:16:48','admin'),(5267,0,1,1,1089,'2017-09-28 18:30:00','admin','2018-11-04 09:17:51','admin'),(5268,0,1,1,1089,'2017-09-28 18:30:00','admin','2018-11-04 09:18:19','admin'),(5269,0,1,1,1098,'2017-09-29 18:30:00','admin','2018-11-04 09:18:57','admin'),(5270,0,1,1,1098,'2017-09-29 18:30:00','admin','2018-11-04 09:19:24','admin'),(5271,0,1,1,1098,'2017-09-30 18:30:00','admin','2018-11-04 09:20:22','admin'),(5272,0,1,1,1098,'2017-09-30 18:30:00','admin','2018-11-04 09:21:04','admin'),(5273,0,1,1,1006,'2017-10-01 18:30:00','admin','2018-11-04 09:21:39','admin'),(5274,0,1,1,1006,'2017-10-01 18:30:00','admin','2018-11-04 09:22:17','admin'),(5275,0,1,1,1084,'2017-10-02 18:30:00','admin','2018-11-04 09:25:05','admin'),(5276,0,1,1,1098,'2017-10-02 18:30:00','admin','2018-11-04 09:25:36','admin'),(5277,0,1,1,1098,'2017-10-02 18:30:00','admin','2018-11-04 09:25:55','admin'),(5278,0,1,1,1031,'2017-10-02 18:30:00','admin','2018-11-04 09:26:45','admin'),(5279,0,1,1,1006,'2017-10-03 18:30:00','admin','2018-11-04 09:27:26','admin'),(5280,0,1,1,1098,'2017-10-03 18:30:00','admin','2018-11-04 09:28:10','admin'),(5281,0,1,1,1098,'2017-10-03 18:30:00','admin','2018-11-04 09:28:35','admin'),(5282,0,1,1,1091,'2017-10-06 18:30:00','admin','2018-11-04 09:29:21','admin'),(5283,0,1,1,1114,'2017-10-08 18:30:00','admin','2018-11-04 09:30:12','admin'),(5284,0,1,1,1047,'2017-10-08 18:30:00','admin','2018-11-04 09:30:55','admin'),(5285,0,1,1,1084,'2017-10-09 18:30:00','admin','2018-11-04 09:31:39','admin'),(5286,0,1,1,1152,'2017-10-10 18:30:00','admin','2018-11-04 09:34:03','admin'),(5287,0,1,1,1152,'2017-10-10 18:30:00','admin','2018-11-04 09:34:43','admin'),(5288,0,1,1,1094,'2017-10-10 18:30:00','admin','2018-11-04 09:35:55','admin'),(5289,0,1,1,1098,'2017-10-10 18:30:00','admin','2018-11-04 09:36:37','admin'),(5290,0,1,1,1033,'2017-10-10 18:30:00','admin','2018-11-04 09:37:29','admin'),(5291,0,1,1,1006,'2017-10-10 18:30:00','admin','2018-11-04 09:38:46','admin'),(5292,0,1,1,1084,'2017-10-10 18:30:00','admin','2018-11-04 09:39:37','admin'),(5293,0,1,1,1144,'2017-10-11 18:30:00','admin','2018-11-04 09:40:15','admin'),(5294,0,1,1,1098,'2017-10-11 18:30:00','admin','2018-11-04 09:40:52','admin'),(5295,0,1,1,1144,'2017-10-11 18:30:00','admin','2018-11-04 09:41:24','admin'),(5296,0,1,1,1084,'2017-10-11 18:30:00','admin','2018-11-04 09:42:00','admin'),(5297,0,1,1,1138,'2017-10-12 18:30:00','admin','2018-11-04 09:42:45','admin'),(5298,0,1,1,1144,'2017-10-11 18:30:00','admin','2018-11-04 09:43:42','admin'),(5300,0,1,1,1138,'2017-10-12 18:30:00','admin','2018-11-04 09:44:53','admin'),(5301,0,1,1,1144,'2017-10-12 18:30:00','admin','2018-11-04 09:45:32','admin'),(5302,0,1,1,1079,'2017-10-12 18:30:00','admin','2018-11-04 09:47:39','admin'),(5303,0,1,1,1084,'2017-10-12 18:30:00','admin','2018-11-04 09:48:15','admin'),(5304,0,1,1,1152,'2017-10-13 18:30:00','admin','2018-11-04 09:48:45','admin'),(5305,0,1,1,1006,'2017-10-14 18:30:00','admin','2018-11-04 09:49:32','admin'),(5306,0,1,1,1144,'2017-10-14 18:30:00','admin','2018-11-04 09:50:15','admin'),(5307,0,1,1,1152,'2017-10-14 18:30:00','admin','2018-11-04 09:50:45','admin'),(5308,0,1,1,1006,'2017-10-14 18:30:00','admin','2018-11-04 09:51:21','admin'),(5309,0,1,1,1084,'2017-10-14 18:30:00','admin','2018-11-04 09:52:01','admin'),(5310,0,1,1,1144,'2017-10-15 18:30:00','admin','2018-11-04 09:52:31','admin'),(5311,0,1,1,1152,'2017-10-16 18:30:00','admin','2018-11-04 09:53:07','admin'),(5312,0,1,1,1128,'2017-10-16 18:30:00','admin','2018-11-04 09:54:06','admin'),(5313,0,1,1,1152,'2017-10-16 18:30:00','admin','2018-11-04 09:54:35','admin'),(5314,0,1,1,1095,'2017-10-17 18:30:00','admin','2018-11-04 09:59:14','admin'),(5315,0,1,1,1014,'2017-10-17 18:30:00','admin','2018-11-04 10:00:04','admin'),(5316,0,1,1,1014,'2017-10-17 18:30:00','admin','2018-11-04 10:00:35','admin'),(5317,0,1,1,1084,'2017-10-17 18:30:00','admin','2018-11-04 10:01:07','admin'),(5318,0,1,1,1006,'2017-10-17 18:30:00','admin','2018-11-04 10:01:48','admin'),(5319,0,1,1,1006,'2017-10-19 18:30:00','admin','2018-11-04 11:32:10','admin'),(5320,0,1,1,1104,'2017-10-19 18:30:00','admin','2018-11-04 11:32:59','admin'),(5321,0,1,1,1014,'2017-10-19 18:30:00','admin','2018-11-04 11:33:29','admin'),(5322,0,1,1,1016,'2017-10-19 18:30:00','admin','2018-11-04 11:34:10','admin'),(5323,0,1,1,1014,'2017-10-20 18:30:00','admin','2018-11-04 11:34:39','admin'),(5324,0,1,1,1109,'2017-10-20 18:30:00','admin','2018-11-04 11:35:21','admin'),(5325,0,1,1,1039,'2017-10-20 18:30:00','admin','2018-11-04 11:36:03','admin'),(5326,0,1,1,1104,'2017-10-20 18:30:00','admin','2018-11-04 11:36:44','admin'),(5327,0,1,1,1104,'2017-10-20 18:30:00','admin','2018-11-04 11:37:05','admin'),(5328,0,1,1,1144,'2017-10-21 18:30:00','admin','2018-11-04 11:37:40','admin'),(5329,0,1,1,1014,'2017-10-21 18:30:00','admin','2018-11-04 11:38:11','admin'),(5330,0,1,1,1014,'2017-10-21 18:30:00','admin','2018-11-04 11:38:29','admin'),(5331,0,1,1,1123,'2017-10-21 18:30:00','admin','2018-11-04 11:39:14','admin'),(5332,0,1,1,1152,'2017-10-22 18:30:00','admin','2018-11-04 11:39:44','admin'),(5333,0,1,1,1152,'2017-10-22 18:30:00','admin','2018-11-04 11:40:04','admin'),(5334,0,1,1,1144,'2017-10-22 18:30:00','admin','2018-11-04 11:40:41','admin'),(5335,0,1,1,1144,'2017-10-22 18:30:00','admin','2018-11-04 11:41:07','admin'),(5336,0,1,1,1152,'2017-10-22 18:30:00','admin','2018-11-04 11:41:41','admin'),(5337,0,1,1,1000,'2017-10-23 18:30:00','admin','2018-11-04 11:42:19','admin'),(5338,0,1,1,1084,'2017-10-23 18:30:00','admin','2018-11-04 11:42:58','admin'),(5339,0,1,1,1000,'2017-10-23 18:30:00','admin','2018-11-04 11:43:31','admin'),(5340,0,1,1,1144,'2017-10-24 18:30:00','admin','2018-11-04 11:44:05','admin'),(5341,0,1,1,1144,'2017-10-24 18:30:00','admin','2018-11-04 11:44:29','admin'),(5342,0,1,1,1152,'2017-10-24 18:30:00','admin','2018-11-04 11:45:06','admin'),(5343,0,1,1,1144,'2017-10-25 18:30:00','admin','2018-11-04 11:45:34','admin'),(5344,0,1,1,1139,'2017-10-25 18:30:00','admin','2018-11-04 11:46:21','admin'),(5345,0,1,1,1139,'2017-10-26 18:30:00','admin','2018-11-04 11:46:55','admin'),(5346,0,1,1,1014,'2017-10-30 18:30:00','admin','2018-11-04 11:47:25','admin'),(5347,0,1,1,1014,'2017-10-30 18:30:00','admin','2018-11-04 11:47:43','admin'),(5348,0,1,1,1009,'2017-10-30 18:30:00','admin','2018-11-04 11:48:25','admin'),(5349,0,1,1,1014,'2017-10-31 18:30:00','admin','2018-11-04 11:48:57','admin'),(5350,0,1,1,1121,'2017-10-31 18:30:00','admin','2018-11-04 11:49:32','admin'),(5351,0,1,1,1014,'2017-11-01 18:30:00','admin','2018-11-04 11:49:57','admin'),(5352,0,1,1,1006,'2017-11-01 18:30:00','admin','2018-11-04 11:50:32','admin'),(5353,0,1,1,1006,'2017-11-01 18:30:00','admin','2018-11-04 11:51:02','admin'),(5354,0,1,1,1152,'2017-11-02 18:30:00','admin','2018-11-04 11:51:30','admin'),(5355,0,1,1,1069,'2017-11-02 18:30:00','admin','2018-11-04 11:52:10','admin'),(5356,0,1,1,1122,'2017-11-02 18:30:00','admin','2018-11-04 11:52:45','admin'),(5357,0,1,1,1148,'2017-11-02 18:30:00','admin','2018-11-04 11:53:28','admin'),(5358,0,1,1,1006,'2017-11-03 18:30:00','admin','2018-11-04 11:54:06','admin'),(5359,0,1,1,1152,'2017-11-03 18:30:00','admin','2018-11-04 11:54:32','admin'),(5360,0,1,1,1086,'2017-11-03 18:30:00','admin','2018-11-04 11:55:44','admin'),(5361,0,1,1,1148,'2017-11-04 18:30:00','admin','2018-11-04 11:56:24','admin'),(5362,0,1,1,1006,'2017-11-05 18:30:00','admin','2018-11-04 11:57:09','admin'),(5363,0,1,1,1148,'2017-11-05 18:30:00','admin','2018-11-04 11:57:43','admin'),(5364,0,1,1,1144,'2017-11-06 18:30:00','admin','2018-11-04 11:58:10','admin'),(5365,0,1,1,1006,'2017-11-06 18:30:00','admin','2018-11-04 11:58:40','admin'),(5366,0,1,1,1006,'2017-11-06 18:30:00','admin','2018-11-04 11:59:20','admin'),(5367,0,1,1,1028,'2017-11-06 18:30:00','admin','2018-11-04 11:59:58','admin'),(5368,0,1,1,1144,'2017-11-08 18:30:00','admin','2018-11-04 12:00:26','admin'),(5369,0,1,1,1152,'2017-11-08 18:30:00','admin','2018-11-04 12:01:03','admin'),(5370,0,1,1,1144,'2017-11-08 18:30:00','admin','2018-11-04 12:01:48','admin'),(5371,0,1,1,1009,'2017-11-08 18:30:00','admin','2018-11-04 12:04:52','admin'),(5372,0,1,1,1036,'2017-11-09 18:30:00','admin','2018-11-04 12:07:26','admin'),(5373,0,1,1,1095,'2017-11-09 18:30:00','admin','2018-11-04 12:08:02','admin'),(5374,0,1,1,1113,'2017-11-09 18:30:00','admin','2018-11-04 12:08:37','admin'),(5375,0,1,1,1095,'2017-11-10 18:30:00','admin','2018-11-04 12:09:04','admin'),(5376,0,1,1,1026,'2017-11-10 18:30:00','admin','2018-11-04 12:10:07','admin'),(5377,0,1,1,1148,'2017-11-10 18:30:00','admin','2018-11-04 12:10:37','admin'),(5378,0,1,1,1103,'2017-11-10 18:30:00','admin','2018-11-04 12:11:17','admin'),(5379,0,1,1,1019,'2017-11-10 18:30:00','admin','2018-11-04 12:11:48','admin'),(5380,0,1,1,1152,'2017-11-10 18:30:00','admin','2018-11-04 12:12:17','admin'),(5381,0,1,1,1098,'2017-11-11 18:30:00','admin','2018-11-04 12:12:45','admin'),(5382,0,1,1,1137,'2017-11-11 18:30:00','admin','2018-11-04 12:13:13','admin'),(5383,0,1,1,1081,'2017-11-11 18:30:00','admin','2018-11-04 12:14:02','admin'),(5384,0,1,1,1137,'2017-11-12 18:30:00','admin','2018-11-04 12:14:31','admin'),(5385,0,1,1,1098,'2017-11-12 18:30:00','admin','2018-11-04 12:14:59','admin'),(5386,0,1,1,1148,'2017-11-12 18:30:00','admin','2018-11-04 12:15:30','admin'),(5387,0,1,1,1098,'2017-11-13 18:30:00','admin','2017-11-13 18:30:00','admin'),(5388,0,1,1,1098,'2017-11-13 18:30:00','admin','2018-11-04 12:25:42','admin'),(5389,0,1,1,1041,'2017-11-13 18:30:00','admin','2018-11-04 12:26:32','admin'),(5390,0,1,1,1098,'2017-11-13 18:30:00','admin','2018-11-04 12:27:04','admin'),(5391,0,1,1,1098,'2017-11-13 18:30:00','admin','2018-11-04 12:27:26','admin'),(5392,0,1,1,1144,'2017-11-14 18:30:00','admin','2018-11-04 12:28:05','admin'),(5393,0,1,1,1044,'2017-11-14 18:30:00','admin','2018-11-04 12:29:19','admin'),(5394,0,1,1,1137,'2017-11-15 18:30:00','admin','2018-11-04 12:29:47','admin'),(5395,0,1,1,1152,'2017-11-15 18:30:00','admin','2018-11-04 12:30:13','admin'),(5396,0,1,1,1098,'2017-11-16 18:30:00','admin','2018-11-04 12:30:46','admin'),(5397,0,1,1,1098,'2017-11-16 18:30:00','admin','2018-11-04 12:31:05','admin'),(5398,0,1,1,1098,'2017-11-17 18:30:00','admin','2018-11-04 12:31:35','admin'),(5399,0,1,1,1098,'2017-11-17 18:30:00','admin','2018-11-04 12:31:57','admin'),(5400,0,1,1,1152,'2017-11-18 18:30:00','admin','2018-11-04 12:32:34','admin'),(5401,0,1,1,1098,'2017-11-18 18:30:00','admin','2018-11-04 12:33:04','admin'),(5402,0,1,1,1019,'2017-11-18 18:30:00','admin','2018-11-04 12:33:32','admin'),(5403,0,1,1,1144,'2017-11-19 18:30:00','admin','2018-11-04 12:34:02','admin'),(5404,0,1,1,1144,'2017-11-19 18:30:00','admin','2018-11-04 12:34:28','admin'),(5405,0,1,1,1050,'2017-11-19 18:30:00','admin','2018-11-04 12:35:38','admin'),(5406,0,1,1,1148,'2017-11-19 18:30:00','admin','2018-11-04 12:36:18','admin'),(5407,0,1,1,1006,'2017-11-20 18:30:00','admin','2018-11-04 13:26:19','admin'),(5408,0,1,1,1074,'2017-11-20 18:30:00','admin','2018-11-04 13:28:25','admin'),(5409,0,1,1,1098,'2017-11-20 18:30:00','admin','2018-11-04 13:29:13','admin'),(5410,0,1,1,1102,'2017-11-20 18:30:00','admin','2018-11-04 13:30:14','admin'),(5411,0,1,1,1148,'2017-11-20 18:30:00','admin','2018-11-04 13:30:52','admin'),(5412,0,1,1,1144,'2017-11-21 18:30:00','admin','2018-11-04 13:31:35','admin'),(5413,0,1,1,1098,'2017-11-21 18:30:00','admin','2018-11-04 13:32:18','admin'),(5414,0,1,1,1102,'2017-11-21 18:30:00','admin','2018-11-04 13:34:26','admin'),(5415,0,1,1,1144,'2017-11-22 18:30:00','admin','2018-11-04 13:35:07','admin'),(5416,0,1,1,1048,'2017-11-25 18:30:00','admin','2018-11-04 13:36:24','admin'),(5417,0,1,1,1040,'2017-11-22 18:30:00','admin','2018-11-04 13:38:48','admin'),(5418,0,1,1,1055,'2017-11-22 18:30:00','admin','2018-11-04 13:39:47','admin'),(5419,0,1,1,1144,'2017-11-22 18:30:00','admin','2018-11-04 13:40:39','admin'),(5420,0,1,1,1115,'2017-11-25 18:30:00','admin','2018-11-04 13:41:56','admin'),(5421,0,1,1,1048,'2017-11-26 18:30:00','admin','2018-11-04 13:46:10','admin'),(5422,0,1,1,1148,'2017-11-26 18:30:00','admin','2018-11-04 13:47:22','admin'),(5423,0,1,1,1099,'2017-11-26 18:30:00','admin','2018-11-04 13:49:19','admin'),(5424,0,1,1,1095,'2017-11-27 18:30:00','admin','2018-11-04 13:49:53','admin'),(5425,0,1,1,1127,'2017-11-27 18:30:00','admin','2018-11-04 13:50:58','admin'),(5426,0,1,1,1095,'2017-11-27 18:30:00','admin','2018-11-04 13:51:49','admin'),(5427,0,1,1,1127,'2017-11-27 18:30:00','admin','2018-11-04 13:52:23','admin'),(5428,0,1,1,1127,'2017-11-28 18:30:00','admin','2018-11-04 13:53:11','admin'),(5429,0,1,1,1127,'2017-11-28 18:30:00','admin','2018-11-04 13:53:46','admin'),(5430,0,1,1,1098,'2017-11-29 18:30:00','admin','2018-11-04 13:55:01','admin'),(5431,0,1,1,1098,'2017-11-29 18:30:00','admin','2018-11-04 13:55:43','admin'),(5432,0,1,1,1083,'2017-12-02 18:30:00','admin','2018-11-04 13:56:34','admin'),(5433,0,1,1,1068,'2017-12-05 18:30:00','admin','2018-11-04 13:57:22','admin'),(5434,0,1,1,1098,'2017-12-09 18:30:00','admin','2018-11-04 13:58:04','admin'),(5435,0,1,1,1098,'2017-12-09 18:30:00','admin','2018-11-04 13:58:40','admin'),(5436,0,1,1,1144,'2017-12-10 18:30:00','admin','2018-11-04 13:59:23','admin'),(5437,0,1,1,1098,'2017-12-10 18:30:00','admin','2018-11-04 14:00:15','admin'),(5438,0,1,1,1144,'2017-12-10 18:30:00','admin','2018-11-04 14:00:57','admin'),(5439,0,1,1,1098,'2017-12-10 18:30:00','admin','2018-11-04 14:01:32','admin'),(5440,0,1,1,1036,'2017-12-11 18:30:00','admin','2018-11-04 14:04:19','admin'),(5441,0,1,1,1036,'2017-12-11 18:30:00','admin','2018-11-04 14:05:34','admin'),(5442,0,1,1,1036,'2017-12-11 18:30:00','admin','2018-11-04 14:06:27','admin'),(5443,0,1,1,1073,'2017-12-11 18:30:00','admin','2018-11-04 14:17:55','admin'),(5444,0,1,1,1127,'2017-12-13 18:30:00','admin','2018-11-04 14:18:51','admin'),(5445,0,1,1,1098,'2017-12-13 18:30:00','admin','2018-11-04 14:19:34','admin'),(5446,0,1,1,1127,'2017-12-13 18:30:00','admin','2018-11-04 14:20:29','admin'),(5448,0,1,1,1127,'2017-12-13 18:30:00','admin','2018-11-04 14:21:41','admin'),(5449,0,1,1,1066,'2017-12-13 18:30:00','admin','2018-11-04 14:22:16','admin'),(5450,0,1,1,1127,'2017-12-13 18:30:00','admin','2018-11-04 14:22:56','admin'),(5451,0,1,1,1127,'2017-12-14 18:30:00','admin','2018-11-04 14:23:26','admin'),(5452,0,1,1,1123,'2017-12-14 18:30:00','admin','2018-11-04 14:24:20','admin'),(5453,0,1,1,1098,'2017-12-14 18:30:00','admin','2018-11-04 14:24:56','admin'),(5454,0,1,1,1006,'2017-12-15 18:30:00','admin','2018-11-04 14:25:47','admin'),(5455,0,1,1,1098,'2017-12-15 18:30:00','admin','2018-11-04 14:26:23','admin'),(5456,0,1,1,1123,'2017-12-15 18:30:00','admin','2018-11-04 14:27:01','admin'),(5457,0,1,1,1127,'2017-12-16 18:30:00','admin','2018-11-04 14:27:50','admin'),(5458,0,1,1,1025,'2017-12-16 18:30:00','admin','2018-11-04 14:28:55','admin'),(5459,0,1,1,1073,'2017-12-17 18:30:00','admin','2018-11-04 14:29:58','admin'),(5460,0,1,1,1127,'2017-12-17 18:30:00','admin','2018-11-04 14:34:49','admin'),(5461,0,1,1,1025,'2017-12-17 18:30:00','admin','2018-11-04 14:37:54','admin'),(5462,0,1,1,1073,'2017-12-18 18:30:00','admin','2018-11-04 17:23:14','admin'),(5463,0,1,1,1006,'2017-12-18 18:30:00','admin','2018-11-04 17:24:00','admin'),(5464,0,1,1,1073,'2017-12-19 18:30:00','admin','2018-11-04 17:24:34','admin'),(5465,0,1,1,1127,'2017-12-19 18:30:00','admin','2018-11-04 17:25:12','admin'),(5466,0,1,1,1144,'2017-12-20 18:30:00','admin','2018-11-04 17:25:53','admin'),(5467,0,1,1,1038,'2017-12-20 18:30:00','admin','2018-11-04 17:26:45','admin'),(5468,0,1,1,1127,'2017-12-20 18:30:00','admin','2018-11-04 17:28:11','admin'),(5469,0,1,1,1127,'2017-12-20 18:30:00','admin','2018-11-04 17:28:54','admin'),(5470,0,1,1,1046,'2017-12-22 18:30:00','admin','2018-11-04 17:30:04','admin'),(5471,0,1,1,1084,'2017-12-22 18:30:00','admin','2018-11-04 17:30:57','admin'),(5472,0,1,1,1107,'2017-12-22 18:30:00','admin','2018-11-04 17:31:50','admin'),(5473,0,1,1,1084,'2017-12-22 18:30:00','admin','2018-11-04 17:32:22','admin'),(5474,0,1,1,1025,'2017-12-23 18:30:00','admin','2018-11-04 17:33:28','admin'),(5475,0,1,1,1084,'2017-12-23 18:30:00','admin','2018-11-04 17:33:59','admin'),(5476,0,1,1,1103,'2017-12-23 18:30:00','admin','2018-11-04 17:34:40','admin'),(5477,0,1,1,1084,'2017-12-23 18:30:00','admin','2018-11-04 17:35:13','admin'),(5478,0,1,1,1107,'2017-12-23 18:30:00','admin','2018-11-04 17:35:46','admin'),(5479,0,1,1,1025,'2017-12-24 18:30:00','admin','2018-11-04 17:36:22','admin'),(5480,0,1,1,1084,'2017-12-24 18:30:00','admin','2018-11-04 17:37:18','admin'),(5481,0,1,1,1041,'2017-12-24 18:30:00','admin','2018-11-04 17:38:01','admin'),(5482,0,1,1,1084,'2017-12-24 18:30:00','admin','2018-11-04 17:38:34','admin'),(5483,0,1,1,1084,'2017-12-24 18:30:00','admin','2018-11-04 17:38:57','admin'),(5484,0,1,1,1025,'2017-12-25 18:30:00','admin','2018-11-04 17:39:38','admin'),(5485,0,1,1,1127,'2017-12-25 18:30:00','admin','2018-11-04 17:40:14','admin'),(5486,0,1,1,1103,'2017-12-25 18:30:00','admin','2018-11-04 17:40:44','admin'),(5487,0,1,1,1073,'2017-12-25 18:30:00','admin','2018-11-04 17:41:25','admin'),(5488,0,1,1,1066,'2017-12-25 18:30:00','admin','2018-11-04 17:41:57','admin'),(5489,0,1,1,1141,'2017-12-28 18:30:00','admin','2018-11-04 17:42:47','admin'),(5490,0,1,1,1062,'2017-12-29 18:30:00','admin','2018-11-04 17:43:49','admin'),(5491,0,1,1,1141,'2017-12-29 18:30:00','admin','2018-11-04 17:44:35','admin'),(5492,0,1,1,1141,'2017-12-29 18:30:00','admin','2018-11-04 17:45:14','admin'),(5493,0,1,1,1142,'2017-12-30 18:30:00','admin','2018-11-04 17:46:05','admin'),(5494,0,1,1,1120,'2017-06-01 18:30:00','admin','2018-11-05 06:48:06','admin'),(5495,0,1,1,1135,'2017-07-13 18:30:00','admin','2018-11-05 08:02:10','admin'),(5496,0,1,1,1104,'2017-06-28 18:30:00','admin','2018-11-05 08:05:12','admin'),(5497,0,1,1,1006,'2017-06-16 18:30:00','admin','2018-11-05 08:08:15','admin'),(5498,0,1,1,1006,'2017-06-16 18:30:00','admin','2018-11-05 08:08:48','admin'),(5499,0,1,1,1006,'2017-07-06 18:30:00','admin','2018-11-05 08:13:51','admin'),(5500,0,1,1,1006,'2017-08-15 18:30:00','admin','2018-11-05 08:15:03','admin'),(5501,0,1,1,1058,'2017-08-06 18:30:00','admin','2018-11-05 08:19:35','admin'),(5502,0,1,1,1058,'2017-08-07 18:30:00','admin','2018-11-05 08:20:13','admin'),(5503,0,1,1,1058,'2017-08-07 18:30:00','admin','2018-11-05 08:20:36','admin'),(5504,0,1,1,1058,'2017-08-08 18:30:00','admin','2018-11-05 08:21:02','admin'),(5505,0,1,1,1093,'2017-06-01 18:30:00','admin','2018-11-05 09:38:18','admin'),(5506,0,1,1,1093,'2017-06-11 18:30:00','admin','2018-11-05 09:39:43','admin'),(5507,0,1,1,1093,'2017-06-28 18:30:00','admin','2018-11-05 09:40:49','admin'),(5508,0,1,1,1092,'2017-06-03 18:30:00','admin','2018-11-05 09:44:46','admin'),(5509,0,1,1,1092,'2017-06-04 18:30:00','admin','2018-11-05 09:49:52','admin'),(5510,0,1,1,1092,'2017-06-04 18:30:00','admin','2018-11-05 09:50:38','admin'),(5511,0,1,1,1092,'2017-06-05 18:30:00','admin','2018-11-05 09:51:11','admin'),(5512,0,1,1,1092,'2017-07-03 18:30:00','admin','2018-11-05 09:51:34','admin'),(5513,0,1,1,1082,'2017-06-04 18:30:00','admin','2018-11-05 09:54:02','admin'),(5514,0,1,1,1082,'2017-06-04 18:30:00','admin','2018-11-05 09:54:28','admin'),(5515,0,1,1,1082,'2017-06-18 18:30:00','admin','2018-11-05 09:54:49','admin'),(5516,0,1,1,1097,'2017-06-02 18:30:00','admin','2018-11-05 09:58:11','admin'),(5517,0,1,1,1097,'2017-06-05 18:30:00','admin','2018-11-05 09:58:40','admin'),(5518,0,1,1,1097,'2017-06-14 18:30:00','admin','2018-11-05 09:59:01','admin'),(5519,0,1,1,1133,'2017-06-07 18:30:00','admin','2018-11-05 10:01:47','admin'),(5520,0,1,1,1133,'2017-06-07 18:30:00','admin','2018-11-05 10:02:22','admin'),(5521,0,1,1,1133,'2017-06-21 18:30:00','admin','2018-11-05 10:02:54','admin'),(5522,0,1,1,1133,'2017-06-22 18:30:00','admin','2018-11-05 10:03:26','admin'),(5523,0,1,1,1133,'2017-06-23 18:30:00','admin','2018-11-05 10:04:00','admin'),(5524,0,1,1,1004,'2017-07-01 18:30:00','admin','2018-11-05 10:10:30','admin'),(5525,0,1,1,1004,'2017-07-06 18:30:00','admin','2018-11-05 10:11:04','admin'),(5526,0,1,1,1004,'2017-08-15 18:30:00','admin','2018-11-05 10:11:54','admin'),(5527,0,1,1,1029,'2017-06-20 18:30:00','admin','2018-11-05 10:17:13','admin'),(5528,0,1,1,1029,'2017-06-22 18:30:00','admin','2018-11-05 10:17:52','admin'),(5529,0,1,1,1140,'2017-06-21 18:30:00','admin','2018-11-05 10:19:54','admin'),(5530,0,1,1,1018,'2017-06-28 18:30:00','admin','2018-11-05 10:21:49','admin'),(5531,0,1,1,1080,'2017-07-01 18:30:00','admin','2018-11-05 10:24:21','admin'),(5532,0,1,1,1097,'2017-07-02 18:30:00','admin','2018-11-05 10:27:41','admin'),(5533,0,1,1,1097,'2017-07-11 18:30:00','admin','2018-11-05 10:28:08','admin'),(5534,0,1,1,1057,'2017-07-03 18:30:00','admin','2018-11-05 10:34:45','admin'),(5535,0,1,1,1057,'2017-07-04 18:30:00','admin','2018-11-05 10:35:07','admin'),(5536,0,1,1,1145,'2017-07-04 18:30:00','admin','2018-11-05 10:36:49','admin'),(5537,0,1,1,1145,'2017-07-05 18:30:00','admin','2018-11-05 10:37:17','admin'),(5538,0,1,1,1085,'2017-07-04 18:30:00','admin','2018-11-05 10:41:42','admin'),(5539,0,1,1,1085,'2017-07-14 18:30:00','admin','2018-11-05 10:42:12','admin'),(5540,0,1,1,1013,'2017-07-05 18:30:00','admin','2018-11-05 10:46:07','admin'),(5541,0,1,1,1013,'2017-07-06 18:30:00','admin','2018-11-05 10:46:38','admin'),(5542,0,1,1,1012,'2017-07-05 18:30:00','admin','2018-11-05 10:48:33','admin'),(5543,0,1,1,1077,'2017-07-06 18:30:00','admin','2018-11-05 10:51:28','admin'),(5544,0,1,1,1077,'2017-07-07 18:30:00','admin','2018-11-05 10:51:57','admin'),(5545,0,1,1,1143,'2017-07-07 18:30:00','admin','2018-11-05 10:54:11','admin'),(5546,0,1,1,1143,'2017-07-12 18:30:00','admin','2018-11-05 10:54:43','admin'),(5547,0,1,1,1013,'2017-07-07 18:30:00','admin','2018-11-05 11:00:30','admin'),(5548,0,1,1,1096,'2017-07-12 18:30:00','admin','2018-11-05 11:04:16','admin'),(5549,0,1,1,1096,'2017-08-01 18:30:00','admin','2018-11-05 11:04:42','admin'),(5550,0,1,1,1136,'2017-07-14 18:30:00','admin','2018-11-05 11:07:24','admin'),(5551,0,1,1,1001,'2017-07-17 18:30:00','admin','2018-11-05 11:08:51','admin'),(5552,0,1,1,1149,'2017-07-18 18:30:00','admin','2018-11-05 11:10:32','admin'),(5553,0,1,1,1149,'2017-07-19 18:30:00','admin','2018-11-05 11:11:04','admin'),(5554,0,1,1,1149,'2017-07-21 18:30:00','admin','2018-11-05 11:11:30','admin'),(5555,0,1,1,1027,'2017-07-18 18:30:00','admin','2018-11-05 11:15:06','admin'),(5556,0,1,1,1027,'2017-07-19 18:30:00','admin','2018-11-05 11:15:36','admin'),(5557,0,1,1,1027,'2017-07-20 18:30:00','admin','2018-11-05 11:16:01','admin'),(5558,0,1,1,1027,'2017-07-21 18:30:00','admin','2018-11-05 11:16:28','admin'),(5559,0,1,1,1027,'2017-07-25 18:30:00','admin','2018-11-05 11:17:02','admin'),(5560,0,1,1,1027,'2017-07-28 18:30:00','admin','2018-11-05 11:17:29','admin'),(5561,0,1,1,1027,'2017-07-29 18:30:00','admin','2018-11-05 11:18:35','admin'),(5562,0,1,1,1012,'2017-07-19 18:30:00','admin','2018-11-05 11:22:17','admin'),(5563,0,1,1,1070,'2017-07-19 18:30:00','admin','2018-11-05 11:23:49','admin'),(5564,0,1,1,1070,'2017-07-24 18:30:00','admin','2018-11-05 11:24:14','admin'),(5565,0,1,1,1070,'2017-07-25 18:30:00','admin','2018-11-05 11:24:39','admin'),(5566,0,1,1,1098,'2017-07-20 18:30:00','admin','2018-11-05 11:26:14','admin'),(5567,0,1,1,1098,'2017-07-21 18:30:00','admin','2018-11-05 11:26:42','admin'),(5568,0,1,1,1098,'2017-07-24 18:30:00','admin','2018-11-05 11:45:13','admin'),(5569,0,1,1,1098,'2017-07-25 18:30:00','admin','2018-11-05 11:45:43','admin'),(5570,0,1,1,1098,'2017-07-27 18:30:00','admin','2018-11-05 11:46:13','admin'),(5571,0,1,1,1098,'2017-07-28 18:30:00','admin','2018-11-05 11:46:40','admin'),(5572,0,1,1,1098,'2017-07-30 18:30:00','admin','2018-11-05 11:47:11','admin'),(5573,0,1,1,1098,'2017-07-31 18:30:00','admin','2018-11-05 11:47:43','admin'),(5574,0,1,1,1098,'2017-08-01 18:30:00','admin','2018-11-05 11:48:14','admin'),(5575,0,1,1,1098,'2017-08-02 18:30:00','admin','2018-11-05 11:48:41','admin'),(5576,0,1,1,1098,'2017-08-04 18:30:00','admin','2018-11-05 11:49:41','admin'),(5577,0,1,1,1098,'2017-08-17 18:30:00','admin','2018-11-05 11:50:25','admin'),(5578,0,1,1,1098,'2017-08-18 18:30:00','admin','2018-11-05 11:50:52','admin'),(5579,0,1,1,1017,'2017-07-28 18:30:00','admin','2018-11-05 12:35:01','admin'),(5580,0,1,1,1084,'2017-08-21 18:30:00','admin','2018-11-05 12:37:22','admin'),(5581,0,1,1,1084,'2017-08-21 18:30:00','admin','2018-11-05 12:57:47','admin'),(5582,0,1,1,1084,'2017-09-08 18:30:00','admin','2018-11-05 12:58:28','admin'),(5583,0,1,1,1081,'2017-08-15 18:30:00','admin','2018-11-05 13:11:37','admin'),(5584,0,1,1,1081,'2017-08-16 18:30:00','admin','2018-11-05 13:12:06','admin'),(5585,0,1,1,1037,'2017-07-31 18:30:00','admin','2018-11-05 13:14:11','admin'),(5586,0,1,1,1037,'2017-08-01 18:30:00','admin','2018-11-05 13:14:37','admin'),(5587,0,1,1,1101,'2017-08-18 18:30:00','admin','2018-11-05 13:16:03','admin'),(5588,0,1,1,1101,'2017-08-21 18:30:00','admin','2018-11-05 13:16:36','admin'),(5589,0,1,1,1049,'2017-08-09 18:30:00','admin','2017-08-09 18:30:00','admin'),(5590,0,1,1,1049,'2017-08-10 18:30:00','admin','2018-11-05 13:19:53','admin'),(5591,0,1,1,1053,'2017-08-08 18:30:00','admin','2018-11-05 13:25:09','admin'),(5592,0,1,1,1053,'2017-08-10 18:30:00','admin','2018-11-05 13:25:48','admin'),(5593,0,1,1,1076,'2017-08-02 18:30:00','admin','2018-11-05 13:27:09','admin'),(5594,0,1,1,1112,'2017-08-04 18:30:00','admin','2018-11-05 13:28:11','admin'),(5595,0,1,1,1063,'2017-08-05 18:30:00','admin','2018-11-05 13:29:11','admin'),(5596,0,1,1,1054,'2017-08-07 18:30:00','admin','2018-11-05 13:29:52','admin'),(5597,0,1,1,1064,'2017-08-12 18:30:00','admin','2018-11-05 13:30:38','admin'),(5598,0,1,1,1072,'2017-08-14 18:30:00','admin','2018-11-05 13:31:19','admin'),(5599,0,1,1,1021,'2017-08-18 18:30:00','admin','2018-11-05 13:32:20','admin'),(5600,0,1,1,1023,'2017-09-02 18:30:00','admin','2018-11-05 13:33:06','admin'),(5601,0,1,1,1080,'2017-06-29 18:30:00','admin','2018-11-06 04:46:56','admin'),(5602,0,1,1,1132,'2017-07-11 18:30:00','admin','2018-11-08 08:54:19','admin'),(5603,0,1,1,1153,'2017-11-25 18:30:00','admin','2018-11-08 08:55:20','admin'),(5604,0,1,1,1117,'2017-06-02 18:30:00','admin','2018-11-08 08:56:21','admin'),(5605,0,1,1,1060,'2017-06-03 18:30:00','admin','2018-11-08 08:56:59','admin'),(5606,0,1,1,1147,'2017-06-04 18:30:00','admin','2018-11-08 08:57:46','admin'),(5607,0,1,1,1147,'2017-06-05 18:30:00','admin','2018-11-08 09:00:34','admin'),(5608,0,1,1,1147,'2017-06-05 18:30:00','admin','2018-11-08 09:01:06','admin'),(5609,0,1,1,1119,'2017-06-07 18:30:00','admin','2018-11-08 09:01:48','admin'),(5610,0,1,1,1119,'2017-06-07 18:30:00','admin','2018-11-08 09:02:22','admin'),(5611,0,1,1,1150,'2017-06-08 18:30:00','admin','2018-11-08 09:03:03','admin'),(5612,0,1,1,1067,'2017-06-09 18:30:00','admin','2018-11-08 09:03:56','admin'),(5613,0,1,1,1067,'2017-06-09 18:30:00','admin','2018-11-08 09:04:27','admin'),(5614,0,1,1,1125,'2017-06-12 18:30:00','admin','2018-11-08 09:05:01','admin'),(5615,0,1,1,1052,'2017-06-12 18:30:00','admin','2018-11-08 09:05:48','admin'),(5616,0,1,1,1125,'2017-06-12 18:30:00','admin','2018-11-08 09:06:22','admin'),(5617,0,1,1,1025,'2017-06-17 18:30:00','admin','2018-11-08 09:07:08','admin'),(5618,0,1,1,1056,'2017-06-18 18:30:00','admin','2018-11-08 09:08:08','admin'),(5619,0,1,1,1105,'2017-06-19 18:30:00','admin','2018-11-08 09:10:04','admin'),(5620,0,1,1,1071,'2017-06-26 18:30:00','admin','2018-11-08 09:10:39','admin'),(5621,0,1,1,1118,'2017-07-29 18:30:00','admin','2018-11-08 09:11:26','admin');
/*!40000 ALTER TABLE `com_order` ENABLE KEYS */;
UNLOCK TABLES;

--
-- Table structure for table `com_order_delivery`
--

DROP TABLE IF EXISTS `com_order_delivery`;
/*!40101 SET @saved_cs_client     = @@character_set_client */;
/*!40101 SET character_set_client = utf8 */;
CREATE TABLE `com_order_delivery` (
  `CODE` int(10) NOT NULL AUTO_INCREMENT,
  `ORDER_CODE` int(5) NOT NULL,
  `DELIVERED_QUANTITY` double(10,2) NOT NULL,
  `ENTRY_NO` int(2) NOT NULL,
  `DELIVERY_RECEIPT_NO` varchar(25) NOT NULL,
  `DELIVERY_DATE` timestamp NOT NULL DEFAULT CURRENT_TIMESTAMP ON UPDATE CURRENT_TIMESTAMP,
  `VEHICLE_CODE` varchar(10) NOT NULL,
  `LAST_MODIFIED_BY` varchar(10) DEFAULT NULL,
  PRIMARY KEY (`CODE`),
  KEY `ID_COM_ORDER_DELIVERY` (`CODE`),
  KEY `ORDER_CODE` (`ORDER_CODE`),
  CONSTRAINT `com_order_delivery_ibfk_1` FOREIGN KEY (`ORDER_CODE`) REFERENCES `com_order` (`CODE`) ON DELETE CASCADE
) ENGINE=InnoDB AUTO_INCREMENT=1000 DEFAULT CHARSET=latin1;
/*!40101 SET character_set_client = @saved_cs_client */;

--
-- Dumping data for table `com_order_delivery`
--

LOCK TABLES `com_order_delivery` WRITE;
/*!40000 ALTER TABLE `com_order_delivery` DISABLE KEYS */;
/*!40000 ALTER TABLE `com_order_delivery` ENABLE KEYS */;
UNLOCK TABLES;

--
-- Table structure for table `com_order_delivery_address`
--

DROP TABLE IF EXISTS `com_order_delivery_address`;
/*!40101 SET @saved_cs_client     = @@character_set_client */;
/*!40101 SET character_set_client = utf8 */;
CREATE TABLE `com_order_delivery_address` (
  `ADDRESS_CODE` int(10) NOT NULL AUTO_INCREMENT,
  `ADDRESS_LINE1` varchar(100) NOT NULL,
  `ADDRESS_LINE2` varchar(100) DEFAULT NULL,
  `ADDRESS_LINE3` varchar(100) DEFAULT NULL,
  `ADDRESS_LANDMARK` varchar(100) DEFAULT NULL,
  `ADDRESS_ZIP` varchar(20) DEFAULT NULL,
  `ORDER_ENTRY_CODE` int(5) NOT NULL,
  `ADDRESS_TYPE` int(1) NOT NULL,
  PRIMARY KEY (`ADDRESS_CODE`),
  KEY `IDX_ORDER_ADDRESS_CODE` (`ADDRESS_CODE`),
  KEY `ORDER_ENTRY_CODE` (`ORDER_ENTRY_CODE`),
  CONSTRAINT `com_order_delivery_address_ibfk_1` FOREIGN KEY (`ORDER_ENTRY_CODE`) REFERENCES `com_order_entry` (`CODE`) ON DELETE CASCADE
) ENGINE=InnoDB AUTO_INCREMENT=1622 DEFAULT CHARSET=latin1;
/*!40101 SET character_set_client = @saved_cs_client */;

--
-- Dumping data for table `com_order_delivery_address`
--

LOCK TABLES `com_order_delivery_address` WRITE;
/*!40000 ALTER TABLE `com_order_delivery_address` DISABLE KEYS */;
INSERT INTO `com_order_delivery_address` VALUES (1000,'Thanapada',NULL,NULL,NULL,NULL,1000,0),(1001,'Thanapada',NULL,NULL,NULL,NULL,1001,0),(1002,'Balakira',NULL,NULL,NULL,NULL,1002,0),(1003,'Sahupada',NULL,NULL,NULL,NULL,1003,0),(1004,'Sahupada',NULL,NULL,NULL,NULL,1004,0),(1005,'Baunsuni College',NULL,NULL,NULL,NULL,1005,0),(1006,'Baunsuni Chhak',NULL,NULL,NULL,NULL,1006,0),(1007,'Baunsuni Chhak',NULL,NULL,NULL,NULL,1007,0),(1008,'Baunsuni Chhak',NULL,NULL,NULL,NULL,1008,0),(1009,'Baunsuni Thana',NULL,NULL,NULL,NULL,1009,0),(1010,'Baunsuni Chhak',NULL,NULL,NULL,NULL,1010,0),(1011,'Baunsuni',NULL,NULL,NULL,NULL,1011,0),(1012,'Baunsuni Chhak',NULL,NULL,NULL,NULL,1012,0),(1013,'Baunsuni Chhak',NULL,NULL,NULL,NULL,1013,0),(1014,'Baunsuni Chhak',NULL,NULL,NULL,NULL,1014,0),(1015,'Baunsuni Chhak',NULL,NULL,NULL,NULL,1015,0),(1016,'Baunsuni Chhak',NULL,NULL,NULL,NULL,1016,0),(1017,'Baunsuni Chhak',NULL,NULL,NULL,NULL,1017,0),(1018,'Baunsuni Chhak',NULL,NULL,NULL,NULL,1018,0),(1019,'Baunsuni Chhak',NULL,NULL,NULL,NULL,1019,0),(1020,'Baunsuni Chhak',NULL,NULL,NULL,NULL,1020,0),(1021,'Baunsuni Thana',NULL,NULL,NULL,NULL,1021,0),(1022,'Baunsuni Chhak',NULL,NULL,NULL,NULL,1022,0),(1023,'Sadeipur',NULL,NULL,NULL,NULL,1023,0),(1024,'Sadeipur',NULL,NULL,NULL,NULL,1024,0),(1025,'Baunsuni Chhak',NULL,NULL,NULL,NULL,1025,0),(1026,'Dahiya',NULL,NULL,NULL,NULL,1026,0),(1027,'Balakira',NULL,NULL,NULL,NULL,1027,0),(1028,'Balakira',NULL,NULL,NULL,NULL,1028,0),(1029,'Badikata',NULL,NULL,NULL,NULL,1029,0),(1030,'Badikata',NULL,NULL,NULL,NULL,1030,0),(1031,'Baunsuni Chhak',NULL,NULL,NULL,NULL,1031,0),(1032,'Baunsuni Chhak',NULL,NULL,NULL,NULL,1032,0),(1033,'Badikata',NULL,NULL,NULL,NULL,1033,0),(1034,'Baunsuni Chhak',NULL,NULL,NULL,NULL,1034,0),(1035,'Baunsuni Chhak',NULL,NULL,NULL,NULL,1035,0),(1036,'Baunsuni Chhak',NULL,NULL,NULL,NULL,1036,0),(1037,'Baunsuni Chhak',NULL,NULL,NULL,NULL,1037,0),(1038,'Baunsuni Chhak',NULL,NULL,NULL,NULL,1038,0),(1039,'Sadeipur',NULL,NULL,NULL,NULL,1039,0),(1040,'Sadeipur',NULL,NULL,NULL,NULL,1040,0),(1041,'Tikrapada',NULL,NULL,NULL,NULL,1041,0),(1042,'Badikata',NULL,NULL,NULL,NULL,1042,0),(1043,'Gadbhitar',NULL,NULL,NULL,NULL,1043,0),(1044,'Tikrapada',NULL,NULL,NULL,NULL,1044,0),(1045,'Gadbhitar',NULL,NULL,NULL,NULL,1045,0),(1046,'Badikata',NULL,NULL,NULL,NULL,1046,0),(1047,'Badikata',NULL,NULL,NULL,NULL,1047,0),(1048,'Badikata',NULL,NULL,NULL,NULL,1048,0),(1049,'Dahiya',NULL,NULL,NULL,NULL,1049,0),(1050,'Baunsuni Chhak',NULL,NULL,NULL,NULL,1050,0),(1051,'Polam',NULL,NULL,NULL,NULL,1051,0),(1052,'Chandigarh',NULL,NULL,NULL,NULL,1052,0),(1053,'Badikata',NULL,NULL,NULL,NULL,1053,0),(1054,'Polam',NULL,NULL,NULL,NULL,1054,0),(1055,'Budhikan',NULL,NULL,NULL,NULL,1055,0),(1056,'Chandigarh',NULL,NULL,NULL,NULL,1056,0),(1057,'Baunsuni Chhak',NULL,NULL,NULL,NULL,1057,0),(1058,'Polam',NULL,NULL,NULL,NULL,1058,0),(1059,'Chandigarh',NULL,NULL,NULL,NULL,1059,0),(1060,'Sadeipur',NULL,NULL,NULL,NULL,1060,0),(1061,'Polam',NULL,NULL,NULL,NULL,1061,0),(1062,'Chandigarh',NULL,NULL,NULL,NULL,1062,0),(1063,'Chandigarh',NULL,NULL,NULL,NULL,1063,0),(1064,'Badikata',NULL,NULL,NULL,NULL,1064,0),(1065,'Baunsuni Chhak',NULL,NULL,NULL,NULL,1065,0),(1066,'Baunsuni Chhak',NULL,NULL,NULL,NULL,1066,0),(1067,'Marjadipur',NULL,NULL,NULL,NULL,1067,0),(1068,'Marjadipur',NULL,NULL,NULL,NULL,1068,0),(1069,'Chandigarh',NULL,NULL,NULL,NULL,1069,0),(1070,'Marjadipur',NULL,NULL,NULL,NULL,1070,0),(1071,'Malikpada',NULL,NULL,NULL,NULL,1071,0),(1072,'Baunsuni Chhak',NULL,NULL,NULL,NULL,1072,0),(1073,'Amurda',NULL,NULL,NULL,NULL,1073,0),(1074,'Badikata',NULL,NULL,NULL,NULL,1074,0),(1075,'Amurda',NULL,NULL,NULL,NULL,1075,0),(1076,'Badikata',NULL,NULL,NULL,NULL,1076,0),(1077,'Baunsuni',NULL,NULL,NULL,NULL,1077,0),(1078,'Baidyanathpur',NULL,NULL,NULL,NULL,1078,0),(1079,'Tentlipadar',NULL,NULL,NULL,NULL,1079,0),(1080,'Tentlipadar',NULL,NULL,NULL,NULL,1080,0),(1081,'Baunsuni',NULL,NULL,NULL,NULL,1081,0),(1082,'Baunsuni Chhak',NULL,NULL,NULL,NULL,1082,0),(1083,'Baunsuni',NULL,NULL,NULL,NULL,1083,0),(1084,'Jamtangi',NULL,NULL,NULL,NULL,1084,0),(1085,'Jhankarpada',NULL,NULL,NULL,NULL,1085,0),(1086,'Jhankarpada',NULL,NULL,NULL,NULL,1086,0),(1087,'Baunsuni',NULL,NULL,NULL,NULL,1087,0),(1088,'Baunsuni Chhak',NULL,NULL,NULL,NULL,1088,0),(1089,'Baunsuni',NULL,NULL,NULL,NULL,1089,0),(1090,'Jhankarpada',NULL,NULL,NULL,NULL,1090,0),(1091,'Baunsuni',NULL,NULL,NULL,NULL,1091,0),(1092,'Baunsuni',NULL,NULL,NULL,NULL,1092,0),(1093,'Malisahi',NULL,NULL,NULL,NULL,1093,0),(1094,'Budikan',NULL,NULL,NULL,NULL,1094,0),(1095,'Baunsuni',NULL,NULL,NULL,NULL,1095,0),(1096,'Jhankarpada',NULL,NULL,NULL,NULL,1096,0),(1097,'Dahiya',NULL,NULL,NULL,NULL,1097,0),(1098,'Mundapada',NULL,NULL,NULL,NULL,1098,0),(1099,'Sahupada',NULL,NULL,NULL,NULL,1099,0),(1100,'Sahupada ',NULL,NULL,NULL,NULL,1100,0),(1101,'Patrapali',NULL,NULL,NULL,NULL,1101,0),(1102,'Sadeipur',NULL,NULL,NULL,NULL,1102,0),(1103,'Patrapali',NULL,NULL,NULL,NULL,1103,0),(1104,'Sahupada ',NULL,NULL,NULL,NULL,1104,0),(1105,'Sadeipur',NULL,NULL,NULL,NULL,1105,0),(1106,'Dahiya',NULL,NULL,NULL,NULL,1106,0),(1107,'Badmal',NULL,NULL,NULL,NULL,1107,0),(1108,'Sahupada',NULL,NULL,NULL,NULL,1108,0),(1109,'Badmal',NULL,NULL,NULL,NULL,1109,0),(1110,'Dahiya',NULL,NULL,NULL,NULL,1110,0),(1111,'Sadeipur',NULL,NULL,NULL,NULL,1111,0),(1112,'Sahupada',NULL,NULL,NULL,NULL,1112,0),(1113,'Bulamal',NULL,NULL,NULL,NULL,1113,0),(1114,'Bulamal',NULL,NULL,NULL,NULL,1114,0),(1115,'Bulamal',NULL,NULL,NULL,NULL,1115,0),(1116,'Badikata',NULL,NULL,NULL,NULL,1116,0),(1117,'Baunsuni Chhak',NULL,NULL,NULL,NULL,1117,0),(1118,'Dimripali',NULL,NULL,NULL,NULL,1118,0),(1119,'Dimripali',NULL,NULL,NULL,NULL,1119,0),(1120,'Baunsuni',NULL,NULL,NULL,NULL,1120,0),(1121,'Dimripali',NULL,NULL,NULL,NULL,1121,0),(1122,'Dimripali',NULL,NULL,NULL,NULL,1122,0),(1123,'Baunsuni',NULL,NULL,NULL,NULL,1123,0),(1124,'Badikata',NULL,NULL,NULL,NULL,1124,0),(1125,'Malisahi',NULL,NULL,NULL,NULL,1125,0),(1126,'Dimripali',NULL,NULL,NULL,NULL,1126,0),(1127,'Malisahi',NULL,NULL,NULL,NULL,1127,0),(1128,'Badikata',NULL,NULL,NULL,NULL,1128,0),(1129,'Chelbahal',NULL,NULL,NULL,NULL,1129,0),(1130,'Dimripali',NULL,NULL,NULL,NULL,1130,0),(1131,'Bulamal',NULL,NULL,NULL,NULL,1131,0),(1132,'Bulamal',NULL,NULL,NULL,NULL,1132,0),(1133,'Dahiya',NULL,NULL,NULL,NULL,1133,0),(1134,'Sahupada',NULL,NULL,NULL,NULL,1134,0),(1135,'Malisahi',NULL,NULL,NULL,NULL,1135,0),(1136,'Dimripali',NULL,NULL,NULL,NULL,1136,0),(1137,'Kirasira',NULL,NULL,NULL,NULL,1137,0),(1138,'Kirasira',NULL,NULL,NULL,NULL,1138,0),(1139,'Badikata',NULL,NULL,NULL,NULL,1139,0),(1140,'Ainlapali',NULL,NULL,NULL,NULL,1140,0),(1141,'Ainlapali',NULL,NULL,NULL,NULL,1141,0),(1142,'Dimripali',NULL,NULL,NULL,NULL,1142,0),(1143,'Dimripali',NULL,NULL,NULL,NULL,1143,0),(1144,'Dimripali',NULL,NULL,NULL,NULL,1144,0),(1145,'Baunsuni Chhak',NULL,NULL,NULL,NULL,1145,0),(1146,'Dimripali',NULL,NULL,NULL,NULL,1146,0),(1147,'Badikata',NULL,NULL,NULL,NULL,1147,0),(1148,'Badikata',NULL,NULL,NULL,NULL,1148,0),(1149,'Badikata',NULL,NULL,NULL,NULL,1149,0),(1150,'Dimripali',NULL,NULL,NULL,NULL,1150,0),(1151,'Baunsuni Chhak',NULL,NULL,NULL,NULL,1151,0),(1152,'Balakira',NULL,NULL,NULL,NULL,1152,0),(1153,'Balakira',NULL,NULL,NULL,NULL,1153,0),(1154,'Balakira',NULL,NULL,NULL,NULL,1154,0),(1155,'Mundipadar',NULL,NULL,NULL,NULL,1155,0),(1156,'Badikata',NULL,NULL,NULL,NULL,1156,0),(1157,'Bulamal',NULL,NULL,NULL,NULL,1157,0),(1158,'Jharmunda',NULL,NULL,NULL,NULL,1158,0),(1159,'Jharmunda',NULL,NULL,NULL,NULL,1159,0),(1160,'Jharmunda',NULL,NULL,NULL,NULL,1160,0),(1161,'Jharmunda',NULL,NULL,NULL,NULL,1161,0),(1162,'Baidyanathpur',NULL,NULL,NULL,NULL,1162,0),(1163,'Jharmunda',NULL,NULL,NULL,NULL,1163,0),(1164,'Baunsuni Medical',NULL,NULL,NULL,NULL,1164,0),(1165,'Baunsuni Medical',NULL,NULL,NULL,NULL,1165,0),(1166,'Malisahi',NULL,NULL,NULL,NULL,1166,0),(1167,'Jamtangi',NULL,NULL,NULL,NULL,1167,0),(1168,'Baunsuni Medical',NULL,NULL,NULL,NULL,1168,0),(1169,'Jharmunda',NULL,NULL,NULL,NULL,1169,0),(1170,'Baunsuni Medical',NULL,NULL,NULL,NULL,1170,0),(1171,'Baunsuni Thana',NULL,NULL,NULL,NULL,1171,0),(1172,'Baunsuni Thana',NULL,NULL,NULL,NULL,1172,0),(1173,'Baunsuni Thana',NULL,NULL,NULL,NULL,1173,0),(1174,'Jharmunda',NULL,NULL,NULL,NULL,1174,0),(1175,'Podkhal',NULL,NULL,NULL,NULL,1175,0),(1176,'Khamaripada',NULL,NULL,NULL,NULL,1176,0),(1177,'Khamaripada',NULL,NULL,NULL,NULL,1177,0),(1178,'Podkhal',NULL,NULL,NULL,NULL,1178,0),(1179,'Khamaripada',NULL,NULL,NULL,NULL,1179,0),(1180,'Khamaripada',NULL,NULL,NULL,NULL,1180,0),(1181,'Podkhal',NULL,NULL,NULL,NULL,1181,0),(1182,'Brahmachari',NULL,NULL,NULL,NULL,1182,0),(1183,'Podkhal',NULL,NULL,NULL,NULL,1183,0),(1184,'Brahmachari',NULL,NULL,NULL,NULL,1184,0),(1185,'Khamaripada',NULL,NULL,NULL,NULL,1185,0),(1186,'Khamaripada',NULL,NULL,NULL,NULL,1186,0),(1187,'Khamaripada',NULL,NULL,NULL,NULL,1187,0),(1188,'Khamaripada',NULL,NULL,NULL,NULL,1188,0),(1189,'Brahmachari',NULL,NULL,NULL,NULL,1189,0),(1190,'Khamaripada',NULL,NULL,NULL,NULL,1190,0),(1191,'Khamaripada',NULL,NULL,NULL,NULL,1191,0),(1192,'Baunsuni Thana',NULL,NULL,NULL,NULL,1192,0),(1193,'Mundapada',NULL,NULL,NULL,NULL,1193,0),(1194,'Baunsuni Thana',NULL,NULL,NULL,NULL,1194,0),(1195,'Podkhal',NULL,NULL,NULL,NULL,1195,0),(1196,'Podkhal',NULL,NULL,NULL,NULL,1196,0),(1197,'Badikata',NULL,NULL,NULL,NULL,1197,0),(1198,'Mundapada',NULL,NULL,NULL,NULL,1198,0),(1199,'Mundapada',NULL,NULL,NULL,NULL,1199,0),(1200,'Mundapada',NULL,NULL,NULL,NULL,1200,0),(1201,'Mundapada',NULL,NULL,NULL,NULL,1201,0),(1202,'Sandhapali',NULL,NULL,NULL,NULL,1202,0),(1203,'Badikata',NULL,NULL,NULL,NULL,1203,0),(1204,'Polam',NULL,NULL,NULL,NULL,1204,0),(1205,'Chandigarh',NULL,NULL,NULL,NULL,1205,0),(1206,'Polam',NULL,NULL,NULL,NULL,1206,0),(1207,'Chandigarh',NULL,NULL,NULL,NULL,1207,0),(1208,'Sandhapali',NULL,NULL,NULL,NULL,1208,0),(1209,'Dimripali',NULL,NULL,NULL,NULL,1209,0),(1210,'Mundapada',NULL,NULL,NULL,NULL,1210,0),(1211,'Mundapada',NULL,NULL,NULL,NULL,1211,0),(1212,'Badikata',NULL,NULL,NULL,NULL,1212,0),(1213,'Khamaripada',NULL,NULL,NULL,NULL,1213,0),(1214,'Khamaripada',NULL,NULL,NULL,NULL,1214,0),(1215,'Podkhal',NULL,NULL,NULL,NULL,1215,0),(1216,'Khamaripada',NULL,NULL,NULL,NULL,1216,0),(1217,'Badikata',NULL,NULL,NULL,NULL,1217,0),(1218,'Mundapada',NULL,NULL,NULL,NULL,1218,0),(1219,'Khamaripada',NULL,NULL,NULL,NULL,1219,0),(1220,'Gundulia',NULL,NULL,NULL,NULL,1220,0),(1221,'Khamaripada',NULL,NULL,NULL,NULL,1221,0),(1222,'Khamaripada',NULL,NULL,NULL,NULL,1222,0),(1223,'Khamaripada',NULL,NULL,NULL,NULL,1223,0),(1224,'Khamaripada',NULL,NULL,NULL,NULL,1224,0),(1225,'Khamaripada',NULL,NULL,NULL,NULL,1225,0),(1226,'Badikata',NULL,NULL,NULL,NULL,1226,0),(1227,'Kirasira',NULL,NULL,NULL,NULL,1227,0),(1228,'Kirasira',NULL,NULL,NULL,NULL,1228,0),(1229,'Marjadipur',NULL,NULL,NULL,NULL,1229,0),(1230,'Marjadipur',NULL,NULL,NULL,NULL,1230,0),(1231,'Marjadipur',NULL,NULL,NULL,NULL,1231,0),(1232,'Polam',NULL,NULL,NULL,NULL,1232,0),(1233,'Kirasira',NULL,NULL,NULL,NULL,1233,0),(1234,'Chandigarh',NULL,NULL,NULL,NULL,1234,0),(1235,'Kirasira',NULL,NULL,NULL,NULL,1235,0),(1236,'Sahupada',NULL,NULL,NULL,NULL,1236,0),(1237,'Kirasira',NULL,NULL,NULL,NULL,1237,0),(1238,'Kirasira',NULL,NULL,NULL,NULL,1238,0),(1239,'Kirasira',NULL,NULL,NULL,NULL,1239,0),(1240,'Kirasira',NULL,NULL,NULL,NULL,1240,0),(1241,'Polam',NULL,NULL,NULL,NULL,1241,0),(1242,'Gundulia',NULL,NULL,NULL,NULL,1242,0),(1243,'Marjadipur',NULL,NULL,NULL,NULL,1243,0),(1244,'Kirasira',NULL,NULL,NULL,NULL,1244,0),(1245,'Gundulia',NULL,NULL,NULL,NULL,1245,0),(1246,'Kirasira',NULL,NULL,NULL,NULL,1246,0),(1247,'Kirasira',NULL,NULL,NULL,NULL,1247,0),(1248,'Gundulia',NULL,NULL,NULL,NULL,1248,0),(1249,'Marjadipur',NULL,NULL,NULL,NULL,1249,0),(1250,'Kirasira',NULL,NULL,NULL,NULL,1250,0),(1251,'Kirasira',NULL,NULL,NULL,NULL,1251,0),(1252,'Kirasira',NULL,NULL,NULL,NULL,1252,0),(1253,'Kirasira',NULL,NULL,NULL,NULL,1253,0),(1254,'Malikpada',NULL,NULL,NULL,NULL,1254,0),(1255,'Kirasira',NULL,NULL,NULL,NULL,1255,0),(1256,'Kirasira',NULL,NULL,NULL,NULL,1256,0),(1257,'Badikata',NULL,NULL,NULL,NULL,1257,0),(1258,'Badikata',NULL,NULL,NULL,NULL,1258,0),(1259,'Talgari',NULL,NULL,NULL,NULL,1259,0),(1260,'Talgari',NULL,NULL,NULL,NULL,1260,0),(1261,'Talgari',NULL,NULL,NULL,NULL,1261,0),(1262,'Talgari',NULL,NULL,NULL,NULL,1262,0),(1263,'Talgari',NULL,NULL,NULL,NULL,1263,0),(1264,'Chandigarh',NULL,NULL,NULL,NULL,1264,0),(1265,'Talgari',NULL,NULL,NULL,NULL,1265,0),(1266,'Talgari',NULL,NULL,NULL,NULL,1266,0),(1267,'Khamsirijhuli',NULL,NULL,NULL,NULL,1267,0),(1268,'Khamsirijhuli',NULL,NULL,NULL,NULL,1268,0),(1269,'Talgari',NULL,NULL,NULL,NULL,1269,0),(1270,'Talgari',NULL,NULL,NULL,NULL,1270,0),(1271,'Talgari',NULL,NULL,NULL,NULL,1271,0),(1272,'Talgari',NULL,NULL,NULL,NULL,1272,0),(1273,'Sahupada',NULL,NULL,NULL,NULL,1273,0),(1274,'Badikata',NULL,NULL,NULL,NULL,1274,0),(1275,'Marjadipur',NULL,NULL,NULL,NULL,1275,0),(1276,'Talgari',NULL,NULL,NULL,NULL,1276,0),(1277,'Talgari',NULL,NULL,NULL,NULL,1277,0),(1278,'Gadbhitar',NULL,NULL,NULL,NULL,1278,0),(1279,'Sahupada',NULL,NULL,NULL,NULL,1279,0),(1280,'Talgari',NULL,NULL,NULL,NULL,1280,0),(1281,'Talgari',NULL,NULL,NULL,NULL,1281,0),(1282,'Gochapada',NULL,NULL,NULL,NULL,1282,0),(1283,'Sahupada',NULL,NULL,NULL,NULL,1283,0),(1284,'Badikata',NULL,NULL,NULL,NULL,1284,0),(1285,'Chandigarh',NULL,NULL,NULL,NULL,1285,0),(1286,'Baunsuni Medical',NULL,NULL,NULL,NULL,1286,0),(1287,'Baunsuni Medical',NULL,NULL,NULL,NULL,1287,0),(1288,'Baunsuni Thana',NULL,NULL,NULL,NULL,1288,0),(1289,'Talgari',NULL,NULL,NULL,NULL,1289,0),(1290,'Jahnapank',NULL,NULL,NULL,NULL,1290,0),(1291,'Badikata',NULL,NULL,NULL,NULL,1291,0),(1292,'Jahnapank',NULL,NULL,NULL,NULL,1292,0),(1293,'Kirasira',NULL,NULL,NULL,NULL,1293,0),(1294,'Talgari',NULL,NULL,NULL,NULL,1294,0),(1295,'Kirasira',NULL,NULL,NULL,NULL,1295,0),(1296,'Marjadipur',NULL,NULL,NULL,NULL,1296,0),(1297,'Dimripali',NULL,NULL,NULL,NULL,1297,0),(1298,'Kirasira',NULL,NULL,NULL,NULL,1298,0),(1300,'Dimripali',NULL,NULL,NULL,NULL,1300,0),(1301,'Kirasira',NULL,NULL,NULL,NULL,1301,0),(1302,'Balakira',NULL,NULL,NULL,NULL,1302,0),(1303,'Polam',NULL,NULL,NULL,NULL,1303,0),(1304,'Baunsuni Medical',NULL,NULL,NULL,NULL,1304,0),(1305,'Singhapali',NULL,NULL,NULL,NULL,1305,0),(1306,'Kirasira',NULL,NULL,NULL,NULL,1306,0),(1307,'Baunsuni Medical',NULL,NULL,NULL,NULL,1307,0),(1308,'Sahupada',NULL,NULL,NULL,NULL,1308,0),(1309,'Jahnapank',NULL,NULL,NULL,NULL,1309,0),(1310,'Kirasira',NULL,NULL,NULL,NULL,1310,0),(1311,'Baunsuni Medical',NULL,NULL,NULL,NULL,1311,0),(1312,'Society',NULL,NULL,NULL,NULL,1312,0),(1313,'Baunsuni Medical',NULL,NULL,NULL,NULL,1313,0),(1314,'Baunsuni Medical',NULL,NULL,NULL,NULL,1314,0),(1315,'Baunsuni High School',NULL,NULL,NULL,NULL,1315,0),(1316,'Baunsuni High School',NULL,NULL,NULL,NULL,1316,0),(1317,'Jahnapank',NULL,NULL,NULL,NULL,1317,0),(1318,'Badikata',NULL,NULL,NULL,NULL,1318,0),(1319,'Badikata',NULL,NULL,NULL,NULL,1319,0),(1320,'Baunsuni Chhak',NULL,NULL,NULL,NULL,1320,0),(1321,'Baunsuni High School',NULL,NULL,NULL,NULL,1321,0),(1322,'Khaliapali',NULL,NULL,NULL,NULL,1322,0),(1323,'Baunsuni High School',NULL,NULL,NULL,NULL,1323,0),(1324,'Sahupada',NULL,NULL,NULL,NULL,1324,0),(1325,'Society',NULL,NULL,NULL,NULL,1325,0),(1326,'Baunsuni Chhak',NULL,NULL,NULL,NULL,1326,0),(1327,'Baunsuni Chhak',NULL,NULL,NULL,NULL,1327,0),(1328,'Kirasira',NULL,NULL,NULL,NULL,1328,0),(1329,'Baunsuni High School',NULL,NULL,NULL,NULL,1329,0),(1330,'Baunsuni High School',NULL,NULL,NULL,NULL,1330,0),(1331,'Gundulia',NULL,NULL,NULL,NULL,1331,0),(1332,'Baunsuni Medical',NULL,NULL,NULL,NULL,1332,0),(1333,'Baunsuni Medical',NULL,NULL,NULL,NULL,1333,0),(1334,'Kirasira',NULL,NULL,NULL,NULL,1334,0),(1335,'Kirasira',NULL,NULL,NULL,NULL,1335,0),(1336,'Baunsuni Medical',NULL,NULL,NULL,NULL,1336,0),(1337,'Mendlisahi',NULL,NULL,NULL,NULL,1337,0),(1338,'Jahnapank',NULL,NULL,NULL,NULL,1338,0),(1339,'Mendlisahi',NULL,NULL,NULL,NULL,1339,0),(1340,'Kirasira',NULL,NULL,NULL,NULL,1340,0),(1341,'Kirasira',NULL,NULL,NULL,NULL,1341,0),(1342,'Baunsuni Medical',NULL,NULL,NULL,NULL,1342,0),(1343,'Kirasira',NULL,NULL,NULL,NULL,1343,0),(1344,'Mundapada',NULL,NULL,NULL,NULL,1344,0),(1345,'Mundapada',NULL,NULL,NULL,NULL,1345,0),(1346,'Baunsuni High School',NULL,NULL,NULL,NULL,1346,0),(1347,'Baunsuni High School',NULL,NULL,NULL,NULL,1347,0),(1348,'Baunsuni',NULL,NULL,NULL,NULL,1348,0),(1349,'Baunsuni High School',NULL,NULL,NULL,NULL,1349,0),(1350,'Gadbhitar',NULL,NULL,NULL,NULL,1350,0),(1351,'Baunsuni High School',NULL,NULL,NULL,NULL,1351,0),(1352,'Badikata',NULL,NULL,NULL,NULL,1352,0),(1353,'Badikata',NULL,NULL,NULL,NULL,1353,0),(1354,'Baunsuni Medical',NULL,NULL,NULL,NULL,1354,0),(1355,'Sahupada',NULL,NULL,NULL,NULL,1355,0),(1356,'Budikan',NULL,NULL,NULL,NULL,1356,0),(1357,'Talsarda',NULL,NULL,NULL,NULL,1357,0),(1358,'Badikata',NULL,NULL,NULL,NULL,1358,0),(1359,'Baunsuni Medical',NULL,NULL,NULL,NULL,1359,0),(1360,'Sahupada',NULL,NULL,NULL,NULL,1360,0),(1361,'Bahajur',NULL,NULL,NULL,NULL,1361,0),(1362,'Jatipali',NULL,NULL,NULL,NULL,1362,0),(1363,'Bahajur',NULL,NULL,NULL,NULL,1363,0),(1364,'Kirasira',NULL,NULL,NULL,NULL,1364,0),(1365,'Sahupada',NULL,NULL,NULL,NULL,1365,0),(1366,'Jatipali',NULL,NULL,NULL,NULL,1366,0),(1367,'Chelbahal',NULL,NULL,NULL,NULL,1367,0),(1368,'Kirasira',NULL,NULL,NULL,NULL,1368,0),(1369,'Baunsuni Medical',NULL,NULL,NULL,NULL,1369,0),(1370,'Kirasira',NULL,NULL,NULL,NULL,1370,0),(1371,'Baunsuni',NULL,NULL,NULL,NULL,1371,0),(1372,'Baunsuni',NULL,NULL,NULL,NULL,1372,0),(1373,'Baunsuni Medical',NULL,NULL,NULL,NULL,1373,0),(1374,'Baunsuni',NULL,NULL,NULL,NULL,1374,0),(1375,'Baunsuni Medical',NULL,NULL,NULL,NULL,1375,0),(1376,'Bagdia',NULL,NULL,NULL,NULL,1376,0),(1377,'Bahajur',NULL,NULL,NULL,NULL,1377,0),(1378,'Sajahpal',NULL,NULL,NULL,NULL,1378,0),(1379,'Amjhir',NULL,NULL,NULL,NULL,1379,0),(1380,'Baunsuni Medical',NULL,NULL,NULL,NULL,1380,0),(1381,'Sadeipur',NULL,NULL,NULL,NULL,1381,0),(1382,'Balakira',NULL,NULL,NULL,NULL,1382,0),(1383,'Baunsuni Chhak',NULL,NULL,NULL,NULL,1383,0),(1384,'Balakira',NULL,NULL,NULL,NULL,1384,0),(1385,'Sadeipur',NULL,NULL,NULL,NULL,1385,0),(1386,'Bahajur',NULL,NULL,NULL,NULL,1386,0),(1387,'Sadeipur',NULL,NULL,NULL,NULL,1387,0),(1388,'Sadeipur',NULL,NULL,NULL,NULL,1388,0),(1389,'Gudpada',NULL,NULL,NULL,NULL,1389,0),(1390,'Sadeipur',NULL,NULL,NULL,NULL,1390,0),(1391,'Sadeipur',NULL,NULL,NULL,NULL,1391,0),(1392,'Kirasira',NULL,NULL,NULL,NULL,1392,0),(1393,'Baunsuni Chhak',NULL,NULL,NULL,NULL,1393,0),(1394,'Balakira',NULL,NULL,NULL,NULL,1394,0),(1395,'Baunsuni Medical',NULL,NULL,NULL,NULL,1395,0),(1396,'Sadeipur',NULL,NULL,NULL,NULL,1396,0),(1397,'Sadeipur',NULL,NULL,NULL,NULL,1397,0),(1398,'Sadeipur',NULL,NULL,NULL,NULL,1398,0),(1399,'Sadeipur',NULL,NULL,NULL,NULL,1399,0),(1400,'Baunsuni Medical',NULL,NULL,NULL,NULL,1400,0),(1401,'Sadeipur',NULL,NULL,NULL,NULL,1401,0),(1402,'Amjhir',NULL,NULL,NULL,NULL,1402,0),(1403,'Kirasira',NULL,NULL,NULL,NULL,1403,0),(1404,'Kirasira',NULL,NULL,NULL,NULL,1404,0),(1405,'Patrapali',NULL,NULL,NULL,NULL,1405,0),(1406,'Bahajur',NULL,NULL,NULL,NULL,1406,0),(1407,'Jatipali',NULL,NULL,NULL,NULL,1407,0),(1408,'Baunsuni College',NULL,NULL,NULL,NULL,1408,0),(1409,'Sadeipur',NULL,NULL,NULL,NULL,1409,0),(1410,'Mundipadar',NULL,NULL,NULL,NULL,1410,0),(1411,'Bahajur',NULL,NULL,NULL,NULL,1411,0),(1412,'Kirasira',NULL,NULL,NULL,NULL,1412,0),(1413,'Sadeipur',NULL,NULL,NULL,NULL,1413,0),(1414,'Mundipadar',NULL,NULL,NULL,NULL,1414,0),(1415,'Kirasira',NULL,NULL,NULL,NULL,1415,0),(1416,'Baunsuni',NULL,NULL,NULL,NULL,1416,0),(1417,'Jantapali',NULL,NULL,NULL,NULL,1417,0),(1418,'Dimripali',NULL,NULL,NULL,NULL,1418,0),(1419,'Kirasira',NULL,NULL,NULL,NULL,1419,0),(1420,'Talupali',NULL,NULL,NULL,NULL,1420,0),(1421,'Baunsuni',NULL,NULL,NULL,NULL,1421,0),(1422,'Bahajur',NULL,NULL,NULL,NULL,1422,0),(1423,'Baunsuni Chhak',NULL,NULL,NULL,NULL,1423,0),(1424,'Baunsuni Medical',NULL,NULL,NULL,NULL,1424,0),(1425,'Sahajpal',NULL,NULL,NULL,NULL,1425,0),(1426,'Baunsuni Medical',NULL,NULL,NULL,NULL,1426,0),(1427,'Sahajpal',NULL,NULL,NULL,NULL,1427,0),(1428,'Sahajpal',NULL,NULL,NULL,NULL,1428,0),(1429,'Sahajpal',NULL,NULL,NULL,NULL,1429,0),(1430,'Sadeipur',NULL,NULL,NULL,NULL,1430,0),(1431,'Sadeipur',NULL,NULL,NULL,NULL,1431,0),(1432,'Dantapali',NULL,NULL,NULL,NULL,1432,0),(1433,'Sahupada',NULL,NULL,NULL,NULL,1433,0),(1434,'Sadeipur',NULL,NULL,NULL,NULL,1434,0),(1435,'Sadeipur',NULL,NULL,NULL,NULL,1435,0),(1436,'Badmal',NULL,NULL,NULL,NULL,1436,0),(1437,'Sadeipur',NULL,NULL,NULL,NULL,1437,0),(1438,'Badmal',NULL,NULL,NULL,NULL,1438,0),(1439,'Sadeipur',NULL,NULL,NULL,NULL,1439,0),(1440,'Baunsuni',NULL,NULL,NULL,NULL,1440,0),(1441,'Baunsuni',NULL,NULL,NULL,NULL,1441,0),(1442,'Baunsuni',NULL,NULL,NULL,NULL,1442,0),(1443,'Rengali',NULL,NULL,NULL,NULL,1443,0),(1444,'Sahajpal',NULL,NULL,NULL,NULL,1444,0),(1445,'Sadeipur',NULL,NULL,NULL,NULL,1445,0),(1446,'Sahajpal',NULL,NULL,NULL,NULL,1446,0),(1448,'Sahajpal',NULL,NULL,NULL,NULL,1448,0),(1449,'Baunsuni',NULL,NULL,NULL,NULL,1449,0),(1450,'Sahajpal',NULL,NULL,NULL,NULL,1450,0),(1451,'Sahajpal',NULL,NULL,NULL,NULL,1451,0),(1452,'Gundulia',NULL,NULL,NULL,NULL,1452,0),(1453,'Sadeipur',NULL,NULL,NULL,NULL,1453,0),(1454,'Sahupada',NULL,NULL,NULL,NULL,1454,0),(1455,'Sadeipur',NULL,NULL,NULL,NULL,1455,0),(1456,'Gundulia',NULL,NULL,NULL,NULL,1456,0),(1457,'Sahajpal',NULL,NULL,NULL,NULL,1457,0),(1458,'Sagada',NULL,NULL,NULL,NULL,1458,0),(1459,'Rengali',NULL,NULL,NULL,NULL,1459,0),(1460,'Sahajpal',NULL,NULL,NULL,NULL,1460,0),(1461,'Sagada',NULL,NULL,NULL,NULL,1461,0),(1462,'Rengali',NULL,NULL,NULL,NULL,1462,0),(1463,'Sahupada',NULL,NULL,NULL,NULL,1463,0),(1464,'Rengali',NULL,NULL,NULL,NULL,1464,0),(1465,'Sahajpal',NULL,NULL,NULL,NULL,1465,0),(1466,'Kirasira',NULL,NULL,NULL,NULL,1466,0),(1467,'Baunsuni Chhak',NULL,NULL,NULL,NULL,1467,0),(1468,'Sahajpal',NULL,NULL,NULL,NULL,1468,0),(1469,'Sahajpal',NULL,NULL,NULL,NULL,1469,0),(1470,'Haripur',NULL,NULL,NULL,NULL,1470,0),(1471,'Gochapada',NULL,NULL,NULL,NULL,1471,0),(1472,'Baunsuni Chhak',NULL,NULL,NULL,NULL,1472,0),(1473,'Gochapada',NULL,NULL,NULL,NULL,1473,0),(1474,'Sagada',NULL,NULL,NULL,NULL,1474,0),(1475,'Gochapada',NULL,NULL,NULL,NULL,1475,0),(1476,'Sajahpal',NULL,NULL,NULL,NULL,1476,0),(1477,'Gochapada',NULL,NULL,NULL,NULL,1477,0),(1478,'Baunsuni Chhak',NULL,NULL,NULL,NULL,1478,0),(1479,'Sagada',NULL,NULL,NULL,NULL,1479,0),(1480,'Talupali',NULL,NULL,NULL,NULL,1480,0),(1481,'Gudpada',NULL,NULL,NULL,NULL,1481,0),(1482,'Talupali',NULL,NULL,NULL,NULL,1482,0),(1483,'Talupali',NULL,NULL,NULL,NULL,1483,0),(1484,'Sagada',NULL,NULL,NULL,NULL,1484,0),(1485,'Sahajpal',NULL,NULL,NULL,NULL,1485,0),(1486,'Sajahpal',NULL,NULL,NULL,NULL,1486,0),(1487,'Rengali',NULL,NULL,NULL,NULL,1487,0),(1488,'Baunsuni',NULL,NULL,NULL,NULL,1488,0),(1489,'Nagapali',NULL,NULL,NULL,NULL,1489,0),(1490,'Baunsuni Chhak',NULL,NULL,NULL,NULL,1490,0),(1491,'Nagapali',NULL,NULL,NULL,NULL,1491,0),(1492,'Nagapali',NULL,NULL,NULL,NULL,1492,0),(1493,'Baunsuni Chhak',NULL,NULL,NULL,NULL,1493,0),(1494,'Baunsuni Chhak',NULL,NULL,NULL,NULL,1494,0),(1495,'Baunsuni Chhak',NULL,NULL,NULL,NULL,1495,0),(1496,'Thanapada',NULL,NULL,NULL,NULL,1496,0),(1497,'Jharmunda',NULL,NULL,NULL,NULL,1497,0),(1498,'Jharmunda',NULL,NULL,NULL,NULL,1498,0),(1499,'Badikata',NULL,NULL,NULL,NULL,1499,0),(1500,'Jharmunda',NULL,NULL,NULL,NULL,1500,0),(1501,'Sagada',NULL,NULL,NULL,NULL,1501,0),(1502,'Sagada',NULL,NULL,NULL,NULL,1502,0),(1503,'Sagada',NULL,NULL,NULL,NULL,1503,0),(1504,'Sagada',NULL,NULL,NULL,NULL,1504,0),(1505,'Thanapada',NULL,NULL,NULL,NULL,1505,0),(1506,'Baunsuni',NULL,NULL,NULL,NULL,1506,0),(1507,'Dimiripali',NULL,NULL,NULL,NULL,1507,0),(1508,'Digi',NULL,NULL,NULL,NULL,1508,0),(1509,'Digi',NULL,NULL,NULL,NULL,1509,0),(1510,'Digi',NULL,NULL,NULL,NULL,1510,0),(1511,'Digi',NULL,NULL,NULL,NULL,1511,0),(1512,'Digi',NULL,NULL,NULL,NULL,1512,0),(1513,'Dimiripali',NULL,NULL,NULL,NULL,1513,0),(1514,'Dimiripali',NULL,NULL,NULL,NULL,1514,0),(1515,'Dimiripali',NULL,NULL,NULL,NULL,1515,0),(1516,'Baunsuni',NULL,NULL,NULL,NULL,1516,0),(1517,'Baunsuni',NULL,NULL,NULL,NULL,1517,0),(1518,'Baunsuni',NULL,NULL,NULL,NULL,1518,0),(1519,'Baudiapada',NULL,NULL,NULL,NULL,1519,0),(1520,'Baudiapada',NULL,NULL,NULL,NULL,1520,0),(1521,'Baunsuni',NULL,NULL,NULL,NULL,1521,0),(1522,'Baunsuni',NULL,NULL,NULL,NULL,1522,0),(1523,'Baunsuni',NULL,NULL,NULL,NULL,1523,0),(1524,'Malikpada',NULL,NULL,NULL,NULL,1524,0),(1525,'Malikpada',NULL,NULL,NULL,NULL,1525,0),(1526,'Malikpada',NULL,NULL,NULL,NULL,1526,0),(1527,'Thanapada',NULL,NULL,NULL,NULL,1527,0),(1528,'Thanapada',NULL,NULL,NULL,NULL,1528,0),(1529,'Khajapadar',NULL,NULL,NULL,NULL,1529,0),(1530,'Baunsuni',NULL,NULL,NULL,NULL,1530,0),(1531,'Sahupada',NULL,NULL,NULL,NULL,1531,0),(1532,'Baunsuni',NULL,NULL,NULL,NULL,1532,0),(1533,'Baunsuni',NULL,NULL,NULL,NULL,1533,0),(1534,'Baidyanathpur',NULL,NULL,NULL,NULL,1534,0),(1535,'Baidyanathpur',NULL,NULL,NULL,NULL,1535,0),(1536,'Sahupada',NULL,NULL,NULL,NULL,1536,0),(1537,'Sahupada',NULL,NULL,NULL,NULL,1537,0),(1538,'Tentlipali',NULL,NULL,NULL,NULL,1538,0),(1539,'Tentlipali',NULL,NULL,NULL,NULL,1539,0),(1540,'Badikata',NULL,NULL,NULL,NULL,1540,0),(1541,'Badikata',NULL,NULL,NULL,NULL,1541,0),(1542,'Thapapali',NULL,NULL,NULL,NULL,1542,0),(1543,'Baunsuni',NULL,NULL,NULL,NULL,1543,0),(1544,'Baunsuni',NULL,NULL,NULL,NULL,1544,0),(1545,'Badikata',NULL,NULL,NULL,NULL,1545,0),(1546,'Badikata',NULL,NULL,NULL,NULL,1546,0),(1547,'Badikata',NULL,NULL,NULL,NULL,1547,0),(1548,'Sahupada',NULL,NULL,NULL,NULL,1548,0),(1549,'Sahupada',NULL,NULL,NULL,NULL,1549,0),(1550,'Sahupada',NULL,NULL,NULL,NULL,1550,0),(1551,'Khaliapali',NULL,NULL,NULL,NULL,1551,0),(1552,'Khaliapali',NULL,NULL,NULL,NULL,1552,0),(1553,'Khaliapali',NULL,NULL,NULL,NULL,1553,0),(1554,'Khaliapali',NULL,NULL,NULL,NULL,1554,0),(1555,'Baunsuni',NULL,NULL,NULL,NULL,1555,0),(1556,'Baunsuni',NULL,NULL,NULL,NULL,1556,0),(1557,'Baunsuni',NULL,NULL,NULL,NULL,1557,0),(1558,'Baunsuni',NULL,NULL,NULL,NULL,1558,0),(1559,'Baunsuni',NULL,NULL,NULL,NULL,1559,0),(1560,'Baunsuni',NULL,NULL,NULL,NULL,1560,0),(1561,'Baunsuni',NULL,NULL,NULL,NULL,1561,0),(1562,'Thapapali',NULL,NULL,NULL,NULL,1562,0),(1563,'Baunsuni',NULL,NULL,NULL,NULL,1563,0),(1564,'Baunsuni',NULL,NULL,NULL,NULL,1564,0),(1565,'Baunsuni',NULL,NULL,NULL,NULL,1565,0),(1566,'Bahira',NULL,NULL,NULL,NULL,1566,0),(1567,'Bahira',NULL,NULL,NULL,NULL,1567,0),(1568,'Bahira',NULL,NULL,NULL,NULL,1568,0),(1569,'Bahira',NULL,NULL,NULL,NULL,1569,0),(1570,'Bahira',NULL,NULL,NULL,NULL,1570,0),(1571,'Bahira',NULL,NULL,NULL,NULL,1571,0),(1572,'Bahira',NULL,NULL,NULL,NULL,1572,0),(1573,'Bahira',NULL,NULL,NULL,NULL,1573,0),(1574,'Bahira',NULL,NULL,NULL,NULL,1574,0),(1575,'Bahira',NULL,NULL,NULL,NULL,1575,0),(1576,'Podkhal',NULL,NULL,NULL,NULL,1576,0),(1577,'Podkhal',NULL,NULL,NULL,NULL,1577,0),(1578,'Podkhal',NULL,NULL,NULL,NULL,1578,0),(1579,'Baunsuni Chhak',NULL,NULL,NULL,NULL,1579,0),(1580,'Brahmachari',NULL,NULL,NULL,NULL,1580,0),(1581,'Brahmachari',NULL,NULL,NULL,NULL,1581,0),(1582,'Polam',NULL,NULL,NULL,NULL,1582,0),(1583,'Sadeipur',NULL,NULL,NULL,NULL,1583,0),(1584,'Sadeipur',NULL,NULL,NULL,NULL,1584,0),(1585,'Baunsuni',NULL,NULL,NULL,NULL,1585,0),(1586,'Baunsuni',NULL,NULL,NULL,NULL,1586,0),(1587,'Dantapali',NULL,NULL,NULL,NULL,1587,0),(1588,'Dantapali',NULL,NULL,NULL,NULL,1588,0),(1589,'Jamghati',NULL,NULL,NULL,NULL,1589,0),(1590,'Jamghati',NULL,NULL,NULL,NULL,1590,0),(1591,'Rengali',NULL,NULL,NULL,NULL,1591,0),(1592,'Rengali',NULL,NULL,NULL,NULL,1592,0),(1593,'Badikata',NULL,NULL,NULL,NULL,1593,0),(1594,'Tikrapada',NULL,NULL,NULL,NULL,1594,0),(1595,'Badikata',NULL,NULL,NULL,NULL,1595,0),(1596,'Gadbhitar',NULL,NULL,NULL,NULL,1596,0),(1597,'Jamtangi',NULL,NULL,NULL,NULL,1597,0),(1598,'Baunsuni',NULL,NULL,NULL,NULL,1598,0),(1599,'Malipada',NULL,NULL,NULL,NULL,1599,0),(1600,'Dantapali',NULL,NULL,NULL,NULL,1600,0),(1601,'Sahupada',NULL,NULL,NULL,NULL,1601,0),(1602,'Sahajpal',NULL,NULL,NULL,NULL,1602,0),(1603,'Baunsuni Chhak',NULL,NULL,NULL,NULL,1603,0),(1604,'Baunsuni',NULL,NULL,NULL,NULL,1604,0),(1605,'Dimiripali',NULL,NULL,NULL,NULL,1605,0),(1606,'Jhankarpada',NULL,NULL,NULL,NULL,1606,0),(1607,'Jhankarpada',NULL,NULL,NULL,NULL,1607,0),(1608,'Jhankarpada',NULL,NULL,NULL,NULL,1608,0),(1609,'Rengali',NULL,NULL,NULL,NULL,1609,0),(1610,'Rengali',NULL,NULL,NULL,NULL,1610,0),(1611,'Gadbhitar',NULL,NULL,NULL,NULL,1611,0),(1612,'Jamtangi',NULL,NULL,NULL,NULL,1612,0),(1613,'Jamtangi',NULL,NULL,NULL,NULL,1613,0),(1614,'Baunsuni',NULL,NULL,NULL,NULL,1614,0),(1615,'Thanapada',NULL,NULL,NULL,NULL,1615,0),(1616,'Baunsuni',NULL,NULL,NULL,NULL,1616,0),(1617,'Sagada',NULL,NULL,NULL,NULL,1617,0),(1618,'Maheswar Pinda',NULL,NULL,NULL,NULL,1618,0),(1619,'Malisahi',NULL,NULL,NULL,NULL,1619,0),(1620,'Singhapali',NULL,NULL,NULL,NULL,1620,0),(1621,'Dantapali',NULL,NULL,NULL,NULL,1621,0);
/*!40000 ALTER TABLE `com_order_delivery_address` ENABLE KEYS */;
UNLOCK TABLES;

--
-- Table structure for table `com_order_entry`
--

DROP TABLE IF EXISTS `com_order_entry`;
/*!40101 SET @saved_cs_client     = @@character_set_client */;
/*!40101 SET character_set_client = utf8 */;
CREATE TABLE `com_order_entry` (
  `CODE` int(10) NOT NULL AUTO_INCREMENT,
  `ENTRY_NO` int(2) NOT NULL,
  `QUANTITY` double(10,2) NOT NULL,
  `PRICE` float NOT NULL,
  `DELIVERY_COST` double(10,2) DEFAULT NULL,
  `DISCOUNT` double(10,2) DEFAULT NULL,
  `NOTES` varchar(50) DEFAULT NULL,
  `ORDER_CODE` int(5) NOT NULL,
  `PRODUCT_CODE` int(5) NOT NULL,
  `LAST_MODIFIED_BY` varchar(10) DEFAULT NULL,
  PRIMARY KEY (`CODE`),
  KEY `ORDER_CODE` (`ORDER_CODE`),
  KEY `PRODUCT_CODE` (`PRODUCT_CODE`),
  CONSTRAINT `com_order_entry_ibfk_1` FOREIGN KEY (`ORDER_CODE`) REFERENCES `com_order` (`CODE`) ON DELETE CASCADE,
  CONSTRAINT `com_order_entry_ibfk_2` FOREIGN KEY (`PRODUCT_CODE`) REFERENCES `product` (`CODE`) ON DELETE CASCADE
) ENGINE=InnoDB AUTO_INCREMENT=1622 DEFAULT CHARSET=latin1;
/*!40101 SET character_set_client = @saved_cs_client */;

--
-- Dumping data for table `com_order_entry`
--

LOCK TABLES `com_order_entry` WRITE;
/*!40000 ALTER TABLE `com_order_entry` DISABLE KEYS */;
INSERT INTO `com_order_entry` VALUES (1000,1,1000.00,4.5,400.00,0.00,NULL,5000,1001,'admin'),(1001,1,1000.00,4.5,400.00,0.00,NULL,5001,1001,'admin'),(1002,1,1000.00,4.5,600.00,0.00,NULL,5002,1001,'admin'),(1003,1,1000.00,4.5,400.00,0.00,NULL,5003,1001,'admin'),(1004,1,1000.00,4.5,400.00,0.00,NULL,5004,1001,'admin'),(1005,1,1000.00,4,400.00,0.00,NULL,5005,1000,'admin'),(1006,1,100.00,4.5,400.00,0.00,NULL,5006,1001,'admin'),(1007,1,270.00,13,400.00,0.00,NULL,5007,1002,'admin'),(1008,1,1050.00,4,400.00,0.00,NULL,5008,1000,'admin'),(1009,1,1200.00,4,400.00,0.00,NULL,5009,1000,'admin'),(1010,1,1000.00,4.5,400.00,0.00,NULL,5010,1001,'admin'),(1011,1,1050.00,4.5,0.00,0.00,NULL,5011,1001,'admin'),(1012,1,1000.00,4.5,0.00,0.00,NULL,5012,1001,'admin'),(1013,1,1000.00,4.5,400.00,0.00,NULL,5013,1001,'admin'),(1014,1,1000.00,4.5,0.00,0.00,NULL,5014,1001,'admin'),(1015,1,1000.00,4.5,400.00,0.00,NULL,5015,1001,'admin'),(1016,1,1000.00,4.5,400.00,0.00,NULL,5016,1001,'admin'),(1017,1,1000.00,4.5,0.00,0.00,NULL,5017,1001,'admin'),(1018,1,1000.00,4.5,0.00,0.00,NULL,5018,1001,'admin'),(1019,1,1000.00,4.5,400.00,0.00,NULL,5019,1001,'admin'),(1020,1,1000.00,4.5,400.00,0.00,NULL,5020,1001,'admin'),(1021,1,1000.00,4.5,400.00,0.00,NULL,5021,1001,'admin'),(1022,1,1000.00,4.5,500.00,0.00,NULL,5022,1001,'admin'),(1023,1,1000.00,4.5,600.00,0.00,NULL,5023,1001,'admin'),(1024,1,1000.00,4.5,600.00,0.00,NULL,5024,1001,'admin'),(1025,1,1000.00,4.5,500.00,0.00,NULL,5025,1001,'admin'),(1026,1,1000.00,4.5,600.00,0.00,NULL,5026,1001,'admin'),(1027,1,1000.00,4.5,600.00,0.00,NULL,5027,1001,'admin'),(1028,1,1000.00,4.5,600.00,0.00,NULL,5028,1001,'admin'),(1029,1,1000.00,4.5,400.00,0.00,NULL,5029,1001,'admin'),(1030,1,1000.00,4.5,400.00,0.00,NULL,5030,1001,'admin'),(1031,1,1000.00,4.5,500.00,0.00,NULL,5031,1001,'admin'),(1032,1,1000.00,4.5,500.00,0.00,NULL,5032,1001,'admin'),(1033,1,1000.00,4.5,500.00,0.00,NULL,5033,1001,'admin'),(1034,1,1000.00,4.5,500.00,0.00,NULL,5034,1001,'admin'),(1035,1,1000.00,4.5,500.00,0.00,NULL,5035,1001,'admin'),(1036,1,1000.00,4.5,500.00,0.00,NULL,5036,1001,'admin'),(1037,1,1000.00,4.5,500.00,0.00,NULL,5037,1001,'admin'),(1038,1,1000.00,4.5,500.00,0.00,NULL,5038,1001,'admin'),(1039,1,1000.00,4.5,600.00,0.00,NULL,5039,1001,'admin'),(1040,1,1000.00,4.5,600.00,0.00,NULL,5040,1001,'admin'),(1041,1,1000.00,4.5,400.00,0.00,NULL,5041,1001,'admin'),(1042,1,1000.00,4.5,400.00,0.00,NULL,5042,1001,'admin'),(1043,1,1100.00,4.5,500.00,0.00,NULL,5043,1001,'admin'),(1044,1,1000.00,4.5,400.00,0.00,NULL,5044,1001,'admin'),(1045,1,1150.00,4.5,500.00,0.00,NULL,5045,1001,'admin'),(1046,1,1000.00,4.5,500.00,0.00,NULL,5046,1001,'admin'),(1047,1,1000.00,4.5,500.00,0.00,NULL,5047,1001,'admin'),(1048,1,1000.00,4.5,500.00,0.00,NULL,5048,1001,'admin'),(1049,1,1000.00,4.5,600.00,0.00,NULL,5049,1001,'admin'),(1050,1,1000.00,4.5,400.00,0.00,NULL,5050,1001,'admin'),(1051,1,1000.00,4.5,1200.00,0.00,NULL,5051,1001,'admin'),(1052,1,1000.00,4.5,1200.00,0.00,NULL,5052,1001,'admin'),(1053,1,1000.00,4.5,500.00,0.00,NULL,5053,1001,'admin'),(1054,1,2000.00,4.5,0.00,0.00,NULL,5054,1001,'admin'),(1055,1,1000.00,4.5,0.00,0.00,NULL,5055,1001,'admin'),(1056,1,1000.00,4.5,1200.00,0.00,NULL,5056,1001,'admin'),(1057,1,1000.00,4.5,400.00,0.00,NULL,5057,1001,'admin'),(1058,1,1000.00,4.5,1200.00,0.00,NULL,5058,1001,'admin'),(1059,1,1000.00,4.5,1200.00,0.00,NULL,5059,1001,'admin'),(1060,1,1000.00,4.5,600.00,0.00,NULL,5060,1001,'admin'),(1061,1,2000.00,4.5,0.00,0.00,NULL,5061,1001,'admin'),(1062,1,1000.00,4.5,1200.00,0.00,NULL,5062,1001,'admin'),(1063,1,1000.00,4.5,1200.00,0.00,NULL,5063,1001,'admin'),(1064,1,1000.00,4.5,400.00,0.00,NULL,5064,1001,'admin'),(1065,1,1000.00,4.5,500.00,0.00,NULL,5065,1001,'admin'),(1066,1,1050.00,4.5,500.00,0.00,NULL,5066,1001,'admin'),(1067,1,1000.00,4.5,1200.00,0.00,NULL,5067,1001,'admin'),(1068,1,1000.00,4.5,1200.00,0.00,NULL,5068,1001,'admin'),(1069,1,1000.00,4.5,1200.00,0.00,NULL,5069,1001,'admin'),(1070,1,1000.00,4.5,1200.00,0.00,NULL,5070,1001,'admin'),(1071,1,600.00,4.5,500.00,0.00,NULL,5071,1001,'admin'),(1072,1,1000.00,4.5,500.00,0.00,NULL,5072,1001,'admin'),(1073,1,1000.00,4.5,600.00,0.00,NULL,5073,1001,'admin'),(1074,1,1000.00,4.5,400.00,0.00,NULL,5074,1001,'admin'),(1075,1,1000.00,4.5,600.00,0.00,NULL,5075,1001,'admin'),(1076,1,650.00,4.5,0.00,0.00,NULL,5076,1001,'admin'),(1077,1,1000.00,4.5,500.00,0.00,NULL,5077,1001,'admin'),(1078,1,1000.00,4.5,400.00,0.00,NULL,5078,1001,'admin'),(1079,1,1000.00,4.5,0.00,0.00,NULL,5079,1001,'admin'),(1080,1,2000.00,4.5,0.00,0.00,NULL,5080,1001,'admin'),(1081,1,1000.00,4.5,0.00,0.00,NULL,5081,1001,'admin'),(1082,1,1000.00,4.5,500.00,0.00,NULL,5082,1001,'admin'),(1083,1,1000.00,4.5,500.00,0.00,NULL,5083,1001,'admin'),(1084,1,1000.00,4.5,0.00,0.00,NULL,5084,1001,'admin'),(1085,1,1000.00,4.5,1000.00,0.00,NULL,5085,1001,'admin'),(1086,1,1000.00,4.5,1000.00,0.00,NULL,5086,1001,'admin'),(1087,1,1000.00,4.5,0.00,0.00,NULL,5087,1001,'admin'),(1088,1,1000.00,4.5,500.00,0.00,NULL,5088,1001,'admin'),(1089,1,1000.00,4.5,500.00,0.00,NULL,5089,1001,'admin'),(1090,1,1000.00,4.5,1000.00,0.00,NULL,5090,1001,'admin'),(1091,1,1000.00,4.5,500.00,0.00,NULL,5091,1001,'admin'),(1092,1,1000.00,4.5,500.00,0.00,NULL,5092,1001,'admin'),(1093,1,1000.00,4.5,500.00,0.00,NULL,5093,1001,'admin'),(1094,1,1000.00,4.5,0.00,0.00,NULL,5094,1001,'admin'),(1095,1,1000.00,4.5,500.00,0.00,NULL,5095,1001,'admin'),(1096,1,1000.00,4.5,1000.00,0.00,NULL,5096,1001,'admin'),(1097,1,1000.00,4.5,600.00,0.00,NULL,5097,1001,'admin'),(1098,1,1000.00,4.5,800.00,0.00,NULL,5098,1001,'admin'),(1099,1,1000.00,4.5,400.00,0.00,NULL,5099,1001,'admin'),(1100,1,1000.00,4.5,400.00,0.00,NULL,5100,1001,'admin'),(1101,1,1000.00,4.5,500.00,0.00,NULL,5101,1001,'admin'),(1102,1,1000.00,4.5,600.00,0.00,NULL,5102,1001,'admin'),(1103,1,1000.00,4.5,500.00,0.00,NULL,5103,1001,'admin'),(1104,1,1000.00,4.5,400.00,0.00,NULL,5104,1001,'admin'),(1105,1,1000.00,4.5,600.00,0.00,NULL,5105,1001,'admin'),(1106,1,1000.00,4.5,600.00,0.00,NULL,5106,1001,'admin'),(1107,1,1000.00,4.5,1000.00,0.00,NULL,5107,1001,'admin'),(1108,1,200.00,4.5,500.00,0.00,NULL,5108,1001,'admin'),(1109,1,1000.00,4.5,1000.00,0.00,NULL,5109,1001,'admin'),(1110,1,1000.00,4.5,600.00,0.00,NULL,5110,1001,'admin'),(1111,1,1000.00,4.5,600.00,0.00,NULL,5111,1001,'admin'),(1112,1,1000.00,4.5,400.00,0.00,NULL,5112,1001,'admin'),(1113,1,1000.00,4.5,500.00,0.00,NULL,5113,1001,'admin'),(1114,1,1000.00,4.5,500.00,0.00,NULL,5114,1001,'admin'),(1115,1,1000.00,4.5,500.00,0.00,NULL,5115,1001,'admin'),(1116,1,500.00,4.5,500.00,0.00,NULL,5116,1001,'admin'),(1117,1,200.00,4.5,150.00,0.00,NULL,5117,1001,'admin'),(1118,1,1000.00,4.5,500.00,0.00,NULL,5118,1001,'admin'),(1119,1,1000.00,4.5,500.00,0.00,NULL,5119,1001,'admin'),(1120,1,1000.00,4.5,500.00,0.00,NULL,5120,1001,'admin'),(1121,1,1000.00,4.5,500.00,0.00,NULL,5121,1001,'admin'),(1122,1,1000.00,4.5,500.00,0.00,NULL,5122,1001,'admin'),(1123,1,1000.00,4.5,500.00,0.00,NULL,5123,1001,'admin'),(1124,1,1000.00,4.5,400.00,0.00,NULL,5124,1001,'admin'),(1125,1,1000.00,4.5,500.00,0.00,NULL,5125,1001,'admin'),(1126,1,1000.00,4.5,500.00,0.00,NULL,5126,1001,'admin'),(1127,1,1000.00,4.5,500.00,0.00,NULL,5127,1001,'admin'),(1128,1,1000.00,4.5,400.00,0.00,NULL,5128,1001,'admin'),(1129,1,1000.00,4.5,400.00,0.00,NULL,5129,1001,'admin'),(1130,1,1000.00,4.5,500.00,0.00,NULL,5130,1001,'admin'),(1131,1,1000.00,4.5,500.00,0.00,NULL,5131,1001,'admin'),(1132,1,1000.00,4.5,500.00,0.00,NULL,5132,1001,'admin'),(1133,1,1000.00,4.5,600.00,0.00,NULL,5133,1001,'admin'),(1134,1,1000.00,4.5,400.00,0.00,NULL,5134,1001,'admin'),(1135,1,960.00,4.5,500.00,0.00,NULL,5135,1001,'admin'),(1136,1,1000.00,4.5,500.00,0.00,NULL,5136,1001,'admin'),(1137,1,1000.00,4.5,600.00,0.00,NULL,5137,1001,'admin'),(1138,1,1000.00,4.5,600.00,0.00,NULL,5138,1001,'admin'),(1139,1,1000.00,4.5,400.00,0.00,NULL,5139,1001,'admin'),(1140,1,1000.00,4.5,400.00,0.00,NULL,5140,1001,'admin'),(1141,1,1000.00,4.5,400.00,0.00,NULL,5141,1001,'admin'),(1142,1,1000.00,4.5,500.00,0.00,NULL,5142,1001,'admin'),(1143,1,1000.00,4.5,500.00,0.00,NULL,5143,1001,'admin'),(1144,1,1000.00,4.5,500.00,0.00,NULL,5144,1001,'admin'),(1145,1,1000.00,4.5,400.00,0.00,NULL,5145,1001,'admin'),(1146,1,1000.00,4.5,500.00,0.00,NULL,5146,1001,'admin'),(1147,1,1000.00,4.5,400.00,0.00,NULL,5147,1001,'admin'),(1148,1,1000.00,4.5,400.00,0.00,NULL,5148,1001,'admin'),(1149,1,1000.00,4.5,400.00,0.00,NULL,5149,1001,'admin'),(1150,1,1000.00,4.5,500.00,0.00,NULL,5150,1001,'admin'),(1151,1,1000.00,4.5,500.00,0.00,NULL,5151,1001,'admin'),(1152,1,1000.00,4.5,600.00,0.00,NULL,5152,1001,'admin'),(1153,1,1000.00,4.5,600.00,0.00,NULL,5153,1001,'admin'),(1154,1,1000.00,4.5,600.00,0.00,NULL,5154,1001,'admin'),(1155,1,1000.00,4.5,0.00,0.00,NULL,5155,1001,'admin'),(1156,1,1000.00,4.5,400.00,0.00,NULL,5156,1001,'admin'),(1157,1,1000.00,4.5,400.00,0.00,NULL,5157,1001,'admin'),(1158,1,270.00,13,1000.00,0.00,NULL,5158,1002,'admin'),(1159,1,270.00,13,1000.00,0.00,NULL,5159,1002,'admin'),(1160,1,270.00,13,1000.00,0.00,NULL,5160,1002,'admin'),(1161,1,270.00,13,1000.00,0.00,NULL,5161,1002,'admin'),(1162,1,100.00,15,0.00,0.00,NULL,5162,1002,'admin'),(1163,1,270.00,13,1000.00,0.00,NULL,5163,1002,'admin'),(1164,1,300.00,15,0.00,0.00,NULL,5164,1002,'admin'),(1165,1,300.00,13,500.00,0.00,NULL,5165,1002,'admin'),(1166,1,250.00,13,500.00,0.00,NULL,5166,1002,'admin'),(1167,1,250.00,13,500.00,0.00,NULL,5167,1002,'admin'),(1168,1,300.00,13,500.00,0.00,NULL,5168,1002,'admin'),(1169,1,270.00,13,1000.00,0.00,NULL,5169,1002,'admin'),(1170,1,260.00,13,500.00,0.00,NULL,5170,1002,'admin'),(1171,1,1200.00,4,400.00,0.00,NULL,5171,1000,'admin'),(1172,1,1200.00,4,0.00,0.00,NULL,5172,1000,'admin'),(1173,1,1200.00,4,400.00,0.00,NULL,5173,1000,'admin'),(1174,1,1200.00,4,600.00,0.00,NULL,5174,1000,'admin'),(1175,1,1100.00,4,600.00,0.00,NULL,5175,1000,'admin'),(1176,1,1100.00,4,1000.00,0.00,NULL,5176,1000,'admin'),(1177,1,1100.00,4,1000.00,0.00,NULL,5177,1000,'admin'),(1178,1,1100.00,4,600.00,0.00,NULL,5178,1000,'admin'),(1179,1,1100.00,4,1000.00,0.00,NULL,5179,1000,'admin'),(1180,1,1100.00,4,1000.00,0.00,NULL,5180,1000,'admin'),(1181,1,1100.00,4,600.00,0.00,NULL,5181,1000,'admin'),(1182,1,1100.00,4,1000.00,0.00,NULL,5182,1000,'admin'),(1183,1,1100.00,4,600.00,0.00,NULL,5183,1000,'admin'),(1184,1,1100.00,4,1000.00,0.00,NULL,5184,1000,'admin'),(1185,1,1100.00,4,1000.00,0.00,NULL,5185,1000,'admin'),(1186,1,1100.00,4,1000.00,0.00,NULL,5186,1000,'admin'),(1187,1,1100.00,4,1000.00,0.00,NULL,5187,1000,'admin'),(1188,1,1100.00,4,1000.00,0.00,NULL,5188,1000,'admin'),(1189,1,1100.00,4,1200.00,0.00,NULL,5189,1000,'admin'),(1190,1,1100.00,4,1000.00,0.00,NULL,5190,1000,'admin'),(1191,1,1100.00,4,1000.00,0.00,NULL,5191,1000,'admin'),(1192,1,1200.00,4,400.00,0.00,NULL,5192,1000,'admin'),(1193,1,1100.00,4,1000.00,0.00,NULL,5193,1000,'admin'),(1194,1,1200.00,4,400.00,0.00,NULL,5194,1000,'admin'),(1195,1,1100.00,4,600.00,0.00,NULL,5195,1000,'admin'),(1196,1,1100.00,4,600.00,0.00,NULL,5196,1000,'admin'),(1197,1,1200.00,4,600.00,0.00,NULL,5197,1000,'admin'),(1198,1,1100.00,4,1000.00,0.00,NULL,5198,1000,'admin'),(1199,1,1100.00,4,1000.00,0.00,NULL,5199,1000,'admin'),(1200,1,1100.00,4,1000.00,0.00,NULL,5200,1000,'admin'),(1201,1,1100.00,4,1000.00,0.00,NULL,5201,1000,'admin'),(1202,1,1100.00,4,0.00,0.00,NULL,5202,1000,'admin'),(1203,1,1000.00,4,0.00,0.00,NULL,5203,1000,'admin'),(1204,1,1100.00,4,1200.00,0.00,NULL,5204,1000,'admin'),(1205,1,1100.00,4,1200.00,0.00,NULL,5205,1000,'admin'),(1206,1,1100.00,4,1200.00,0.00,NULL,5206,1000,'admin'),(1207,1,1100.00,4,1200.00,0.00,NULL,5207,1000,'admin'),(1208,1,1100.00,4,0.00,0.00,NULL,5208,1000,'admin'),(1209,1,1100.00,4,1200.00,0.00,NULL,5209,1000,'admin'),(1210,1,1100.00,4,1000.00,0.00,NULL,5210,1000,'admin'),(1211,1,1100.00,4,1000.00,0.00,NULL,5211,1000,'admin'),(1212,1,1200.00,4,400.00,0.00,NULL,5212,1000,'admin'),(1213,1,1100.00,4,1000.00,0.00,NULL,5213,1000,'admin'),(1214,1,1100.00,4,1000.00,0.00,NULL,5214,1000,'admin'),(1215,1,1000.00,4,600.00,0.00,NULL,5215,1000,'admin'),(1216,1,1100.00,4,1000.00,0.00,NULL,5216,1000,'admin'),(1217,1,1200.00,4,400.00,0.00,NULL,5217,1000,'admin'),(1218,1,1100.00,4,1000.00,0.00,NULL,5218,1000,'admin'),(1219,1,1100.00,4,1000.00,0.00,NULL,5219,1000,'admin'),(1220,1,1200.00,4,800.00,0.00,NULL,5220,1000,'admin'),(1221,1,1100.00,4,1000.00,0.00,NULL,5221,1000,'admin'),(1222,1,1100.00,4,1000.00,0.00,NULL,5222,1000,'admin'),(1223,1,1100.00,4,1000.00,0.00,NULL,5223,1000,'admin'),(1224,1,1100.00,4,1000.00,0.00,NULL,5224,1000,'admin'),(1225,1,1100.00,4,1000.00,0.00,NULL,5225,1000,'admin'),(1226,1,1200.00,4,400.00,0.00,NULL,5226,1000,'admin'),(1227,1,1100.00,4,1000.00,0.00,NULL,5227,1000,'admin'),(1228,1,1100.00,4,1000.00,0.00,NULL,5228,1000,'admin'),(1229,1,1100.00,4,1200.00,0.00,NULL,5229,1000,'admin'),(1230,1,1100.00,4,1200.00,0.00,NULL,5230,1000,'admin'),(1231,1,1100.00,4,1200.00,0.00,NULL,5231,1000,'admin'),(1232,1,1100.00,4,1200.00,0.00,NULL,5232,1000,'admin'),(1233,1,1100.00,4,1000.00,0.00,NULL,5233,1000,'admin'),(1234,1,1100.00,4,1200.00,0.00,NULL,5234,1000,'admin'),(1235,1,1100.00,4,1000.00,0.00,NULL,5235,1000,'admin'),(1236,1,1200.00,4,400.00,0.00,NULL,5236,1000,'admin'),(1237,1,1100.00,4,1000.00,0.00,NULL,5237,1000,'admin'),(1238,1,1100.00,4,1000.00,0.00,NULL,5238,1000,'admin'),(1239,1,1100.00,4,1000.00,0.00,NULL,5239,1000,'admin'),(1240,1,1100.00,4,1000.00,0.00,NULL,5240,1000,'admin'),(1241,1,1100.00,4,1200.00,0.00,NULL,5241,1000,'admin'),(1242,1,1100.00,4,800.00,0.00,NULL,5242,1000,'admin'),(1243,1,1100.00,4,1200.00,0.00,NULL,5243,1000,'admin'),(1244,1,1100.00,4,1000.00,0.00,NULL,5244,1000,'admin'),(1245,1,1100.00,4,800.00,0.00,NULL,5245,1000,'admin'),(1246,1,1100.00,4,1000.00,0.00,NULL,5246,1000,'admin'),(1247,1,1100.00,4,1000.00,0.00,NULL,5247,1000,'admin'),(1248,1,1100.00,4,800.00,0.00,NULL,5248,1000,'admin'),(1249,1,2200.00,4,0.00,0.00,NULL,5249,1000,'admin'),(1250,1,1100.00,4,1000.00,0.00,NULL,5250,1000,'admin'),(1251,1,1100.00,4,1000.00,0.00,NULL,5251,1000,'admin'),(1252,1,1100.00,4,1000.00,0.00,NULL,5252,1000,'admin'),(1253,1,1100.00,4,1000.00,0.00,NULL,5253,1000,'admin'),(1254,1,1200.00,4,500.00,0.00,NULL,5254,1000,'admin'),(1255,1,1100.00,4,1000.00,0.00,NULL,5255,1000,'admin'),(1256,1,1100.00,4,1000.00,0.00,NULL,5256,1000,'admin'),(1257,1,1200.00,4,400.00,0.00,NULL,5257,1000,'admin'),(1258,1,1200.00,4,400.00,0.00,NULL,5258,1000,'admin'),(1259,1,1100.00,4,900.00,0.00,NULL,5259,1000,'admin'),(1260,1,1100.00,4,900.00,0.00,NULL,5260,1000,'admin'),(1261,1,1100.00,4,1000.00,0.00,NULL,5261,1000,'admin'),(1262,1,1100.00,4,1000.00,0.00,NULL,5262,1000,'admin'),(1263,1,1100.00,4,1000.00,0.00,NULL,5263,1000,'admin'),(1264,1,1100.00,4,1200.00,0.00,NULL,5264,1000,'admin'),(1265,1,1100.00,4,1000.00,0.00,NULL,5265,1000,'admin'),(1266,1,1100.00,4,1000.00,0.00,NULL,5266,1000,'admin'),(1267,1,1100.00,4,600.00,0.00,NULL,5267,1000,'admin'),(1268,1,1100.00,4,600.00,0.00,NULL,5268,1000,'admin'),(1269,1,1100.00,4,1000.00,0.00,NULL,5269,1000,'admin'),(1270,1,1100.00,4,1000.00,0.00,NULL,5270,1000,'admin'),(1271,1,1100.00,4,1000.00,0.00,NULL,5271,1000,'admin'),(1272,1,1100.00,4,1000.00,0.00,NULL,5272,1000,'admin'),(1273,1,1000.00,4,400.00,0.00,NULL,5273,1000,'admin'),(1274,1,1200.00,4,400.00,0.00,NULL,5274,1000,'admin'),(1275,1,1100.00,4,1200.00,0.00,NULL,5275,1000,'admin'),(1276,1,1100.00,4,1000.00,0.00,NULL,5276,1000,'admin'),(1277,1,1100.00,4,1000.00,0.00,NULL,5277,1000,'admin'),(1278,1,1100.00,4,0.00,0.00,NULL,5278,1000,'admin'),(1279,1,1100.00,4,400.00,0.00,NULL,5279,1000,'admin'),(1280,1,1100.00,4,1000.00,0.00,NULL,5280,1000,'admin'),(1281,1,1100.00,4,1000.00,0.00,NULL,5281,1000,'admin'),(1282,1,1100.00,4,0.00,0.00,NULL,5282,1000,'admin'),(1283,1,1000.00,4,400.00,0.00,NULL,5283,1000,'admin'),(1284,1,450.00,4,0.00,0.00,NULL,5284,1000,'admin'),(1285,1,1200.00,4,1200.00,0.00,NULL,5285,1000,'admin'),(1286,1,1100.00,4,500.00,0.00,NULL,5286,1000,'admin'),(1287,1,1100.00,4,500.00,0.00,NULL,5287,1000,'admin'),(1288,1,1100.00,4,500.00,0.00,NULL,5288,1000,'admin'),(1289,1,1100.00,4,1000.00,0.00,NULL,5289,1000,'admin'),(1290,1,1000.00,4,1000.00,0.00,NULL,5290,1000,'admin'),(1291,1,1200.00,4,400.00,0.00,NULL,5291,1000,'admin'),(1292,1,1200.00,4,1000.00,0.00,NULL,5292,1000,'admin'),(1293,1,1100.00,4,1000.00,0.00,NULL,5293,1000,'admin'),(1294,1,1100.00,4,1000.00,0.00,NULL,5294,1000,'admin'),(1295,1,1100.00,4,1000.00,0.00,NULL,5295,1000,'admin'),(1296,1,1100.00,4,1200.00,0.00,NULL,5296,1000,'admin'),(1297,1,1100.00,4,400.00,0.00,NULL,5297,1000,'admin'),(1298,1,1100.00,4,1000.00,0.00,NULL,5298,1000,'admin'),(1300,1,1100.00,4,400.00,0.00,NULL,5300,1000,'admin'),(1301,1,1100.00,4,1000.00,0.00,NULL,5301,1000,'admin'),(1302,1,1000.00,4,1000.00,0.00,NULL,5302,1000,'admin'),(1303,1,1100.00,4,1200.00,0.00,NULL,5303,1000,'admin'),(1304,1,1100.00,4,500.00,0.00,NULL,5304,1000,'admin'),(1305,1,1200.00,4,400.00,0.00,NULL,5305,1000,'admin'),(1306,1,1100.00,4,1000.00,0.00,NULL,5306,1000,'admin'),(1307,1,1100.00,4,500.00,0.00,NULL,5307,1000,'admin'),(1308,1,1000.00,4,400.00,0.00,NULL,5308,1000,'admin'),(1309,1,1150.00,4,1200.00,0.00,NULL,5309,1000,'admin'),(1310,1,1100.00,4,1000.00,0.00,NULL,5310,1000,'admin'),(1311,1,1100.00,4,500.00,0.00,NULL,5311,1000,'admin'),(1312,1,1100.00,4,500.00,0.00,NULL,5312,1000,'admin'),(1313,1,1100.00,4,500.00,0.00,NULL,5313,1000,'admin'),(1314,1,1100.00,4,500.00,0.00,NULL,5314,1000,'admin'),(1315,1,1100.00,4,500.00,0.00,NULL,5315,1000,'admin'),(1316,1,1100.00,4,500.00,0.00,NULL,5316,1000,'admin'),(1317,1,1150.00,4,1200.00,0.00,NULL,5317,1000,'admin'),(1318,1,1200.00,4,400.00,0.00,NULL,5318,1000,'admin'),(1319,1,1000.00,4,400.00,0.00,NULL,5319,1000,'admin'),(1320,1,1100.00,4,500.00,0.00,NULL,5320,1000,'admin'),(1321,1,1100.00,4,500.00,0.00,NULL,5321,1000,'admin'),(1322,1,1100.00,4,600.00,0.00,NULL,5322,1000,'admin'),(1323,1,1100.00,4,500.00,0.00,NULL,5323,1000,'admin'),(1324,1,1100.00,4,400.00,0.00,NULL,5324,1000,'admin'),(1325,1,1100.00,4,500.00,0.00,NULL,5325,1000,'admin'),(1326,1,1100.00,4,500.00,0.00,NULL,5326,1000,'admin'),(1327,1,1100.00,4,500.00,0.00,NULL,5327,1000,'admin'),(1328,1,1100.00,4,1000.00,0.00,NULL,5328,1000,'admin'),(1329,1,1100.00,4,500.00,0.00,NULL,5329,1000,'admin'),(1330,1,1100.00,4,500.00,0.00,NULL,5330,1000,'admin'),(1331,1,1100.00,4,800.00,0.00,NULL,5331,1000,'admin'),(1332,1,1100.00,4,500.00,0.00,NULL,5332,1000,'admin'),(1333,1,1100.00,4,500.00,0.00,NULL,5333,1000,'admin'),(1334,1,1100.00,4,1000.00,0.00,NULL,5334,1000,'admin'),(1335,1,1100.00,4,1000.00,0.00,NULL,5335,1000,'admin'),(1336,1,1100.00,4,500.00,0.00,NULL,5336,1000,'admin'),(1337,1,1100.00,4,600.00,0.00,NULL,5337,1000,'admin'),(1338,1,1150.00,4,1200.00,0.00,NULL,5338,1000,'admin'),(1339,1,1100.00,4,600.00,0.00,NULL,5339,1000,'admin'),(1340,1,1100.00,4,1000.00,0.00,NULL,5340,1000,'admin'),(1341,1,1100.00,4,1000.00,0.00,NULL,5341,1000,'admin'),(1342,1,1100.00,4,500.00,0.00,NULL,5342,1000,'admin'),(1343,1,1100.00,4,1000.00,0.00,NULL,5343,1000,'admin'),(1344,1,3300.00,4,0.00,0.00,NULL,5344,1000,'admin'),(1345,1,1100.00,4,0.00,0.00,NULL,5345,1000,'admin'),(1346,1,1100.00,4,500.00,0.00,NULL,5346,1000,'admin'),(1347,1,1100.00,4,500.00,0.00,NULL,5347,1000,'admin'),(1348,1,1000.00,4,400.00,0.00,NULL,5348,1000,'admin'),(1349,1,1100.00,4,500.00,0.00,NULL,5349,1000,'admin'),(1350,1,1100.00,4,500.00,0.00,NULL,5350,1000,'admin'),(1351,1,1100.00,4,500.00,0.00,NULL,5351,1000,'admin'),(1352,1,1000.00,4,400.00,0.00,NULL,5352,1000,'admin'),(1353,1,1200.00,4,400.00,0.00,NULL,5353,1000,'admin'),(1354,1,1100.00,4,500.00,0.00,NULL,5354,1000,'admin'),(1355,1,1000.00,4,500.00,0.00,NULL,5355,1000,'admin'),(1356,1,1100.00,4,0.00,0.00,NULL,5356,1000,'admin'),(1357,1,2200.00,4,0.00,0.00,NULL,5357,1000,'admin'),(1358,1,1200.00,4,400.00,0.00,NULL,5358,1000,'admin'),(1359,1,1100.00,4,500.00,0.00,NULL,5359,1000,'admin'),(1360,1,1100.00,4,400.00,0.00,NULL,5360,1000,'admin'),(1361,1,2200.00,4,0.00,0.00,NULL,5361,1000,'admin'),(1362,1,1200.00,4,600.00,0.00,NULL,5362,1000,'admin'),(1363,1,1100.00,4,0.00,0.00,NULL,5363,1000,'admin'),(1364,1,1100.00,4,1000.00,0.00,NULL,5364,1000,'admin'),(1365,1,1100.00,4,400.00,0.00,NULL,5365,1000,'admin'),(1366,1,1200.00,4,500.00,0.00,NULL,5366,1000,'admin'),(1367,1,1100.00,4,0.00,0.00,NULL,5367,1000,'admin'),(1368,1,1100.00,4,1000.00,0.00,NULL,5368,1000,'admin'),(1369,1,1100.00,4,500.00,0.00,NULL,5369,1000,'admin'),(1370,1,1100.00,4,1000.00,0.00,NULL,5370,1000,'admin'),(1371,1,500.00,4,500.00,0.00,NULL,5371,1000,'admin'),(1372,1,1100.00,4,500.00,0.00,NULL,5372,1000,'admin'),(1373,1,1100.00,4,500.00,0.00,NULL,5373,1000,'admin'),(1374,1,1100.00,4,500.00,0.00,NULL,5374,1000,'admin'),(1375,1,1100.00,4,500.00,0.00,NULL,5375,1000,'admin'),(1376,1,1200.00,4,700.00,0.00,NULL,5376,1000,'admin'),(1377,1,1100.00,4,0.00,0.00,NULL,5377,1000,'admin'),(1378,1,2200.00,4,0.00,0.00,NULL,5378,1000,'admin'),(1379,1,1100.00,4,1000.00,0.00,NULL,5379,1000,'admin'),(1380,1,1100.00,4,500.00,0.00,NULL,5380,1000,'admin'),(1381,1,1100.00,4,600.00,0.00,NULL,5381,1000,'admin'),(1382,1,1100.00,4,600.00,0.00,NULL,5382,1000,'admin'),(1383,1,300.00,4,300.00,0.00,NULL,5383,1000,'admin'),(1384,1,1100.00,4,600.00,0.00,NULL,5384,1000,'admin'),(1385,1,1100.00,4,600.00,0.00,NULL,5385,1000,'admin'),(1386,1,2200.00,4,0.00,0.00,NULL,5386,1000,'admin'),(1387,1,1100.00,4,600.00,0.00,NULL,5387,1000,'admin'),(1388,1,1100.00,4,600.00,0.00,NULL,5388,1000,'admin'),(1389,1,1100.00,4,400.00,0.00,NULL,5389,1000,'admin'),(1390,1,1100.00,4,600.00,0.00,NULL,5390,1000,'admin'),(1391,1,1100.00,4,600.00,0.00,NULL,5391,1000,'admin'),(1392,1,1100.00,4,1000.00,0.00,NULL,5392,1000,'admin'),(1393,1,150.00,4,500.00,0.00,NULL,5393,1000,'admin'),(1394,1,1100.00,4,600.00,0.00,NULL,5394,1000,'admin'),(1395,1,1100.00,4,500.00,0.00,NULL,5395,1000,'admin'),(1396,1,1100.00,4,600.00,0.00,NULL,5396,1000,'admin'),(1397,1,1100.00,4,600.00,0.00,NULL,5397,1000,'admin'),(1398,1,1100.00,4,600.00,0.00,NULL,5398,1000,'admin'),(1399,1,1100.00,4,600.00,0.00,NULL,5399,1000,'admin'),(1400,1,1100.00,4,500.00,0.00,NULL,5400,1000,'admin'),(1401,1,1100.00,4,600.00,0.00,NULL,5401,1000,'admin'),(1402,1,1000.00,4,0.00,0.00,NULL,5402,1000,'admin'),(1403,1,1100.00,4,1000.00,0.00,NULL,5403,1000,'admin'),(1404,1,1100.00,4,1000.00,0.00,NULL,5404,1000,'admin'),(1405,1,100.00,4,0.00,0.00,NULL,5405,1000,'admin'),(1406,1,1100.00,4,0.00,0.00,NULL,5406,1000,'admin'),(1407,1,1200.00,4,500.00,0.00,NULL,5407,1000,'admin'),(1408,1,1100.00,4,400.00,0.00,NULL,5408,1000,'admin'),(1409,1,1100.00,4,600.00,0.00,NULL,5409,1000,'admin'),(1410,1,1100.00,4,0.00,0.00,NULL,5410,1000,'admin'),(1411,1,1100.00,4,0.00,0.00,NULL,5411,1000,'admin'),(1412,1,1100.00,4,1000.00,0.00,NULL,5412,1000,'admin'),(1413,1,1100.00,4,600.00,0.00,NULL,5413,1000,'admin'),(1414,1,1100.00,4,0.00,0.00,NULL,5414,1000,'admin'),(1415,1,1100.00,4,1000.00,0.00,NULL,5415,1000,'admin'),(1416,1,1000.00,4,0.00,0.00,NULL,5416,1000,'admin'),(1417,1,500.00,4,300.00,0.00,NULL,5417,1000,'admin'),(1418,1,1100.00,4,500.00,0.00,NULL,5418,1000,'admin'),(1419,1,1100.00,4,1000.00,0.00,NULL,5419,1000,'admin'),(1420,1,1000.00,4,500.00,0.00,NULL,5420,1000,'admin'),(1421,1,1000.00,4,0.00,0.00,NULL,5421,1000,'admin'),(1422,1,1600.00,4,0.00,0.00,NULL,5422,1000,'admin'),(1423,1,1100.00,4,0.00,0.00,NULL,5423,1000,'admin'),(1424,1,1100.00,4,500.00,0.00,NULL,5424,1000,'admin'),(1425,1,1200.00,4,700.00,0.00,NULL,5425,1000,'admin'),(1426,1,1100.00,4,500.00,0.00,NULL,5426,1000,'admin'),(1427,1,1200.00,4,700.00,0.00,NULL,5427,1000,'admin'),(1428,1,1200.00,4,700.00,0.00,NULL,5428,1000,'admin'),(1429,1,1200.00,4,700.00,0.00,NULL,5429,1000,'admin'),(1430,1,1100.00,4,600.00,0.00,NULL,5430,1000,'admin'),(1431,1,1100.00,4,600.00,0.00,NULL,5431,1000,'admin'),(1432,1,1000.00,4,400.00,0.00,NULL,5432,1000,'admin'),(1433,1,500.00,4,0.00,0.00,NULL,5433,1000,'admin'),(1434,1,1100.00,4,600.00,0.00,NULL,5434,1000,'admin'),(1435,1,1100.00,4,600.00,0.00,NULL,5435,1000,'admin'),(1436,1,1100.00,4,1000.00,0.00,NULL,5436,1000,'admin'),(1437,1,1100.00,4,600.00,0.00,NULL,5437,1000,'admin'),(1438,1,1100.00,4,1000.00,0.00,NULL,5438,1000,'admin'),(1439,1,1100.00,4,600.00,0.00,NULL,5439,1000,'admin'),(1440,1,1100.00,4,500.00,0.00,NULL,5440,1000,'admin'),(1441,1,1100.00,4,500.00,0.00,NULL,5441,1000,'admin'),(1442,1,1100.00,4,500.00,0.00,NULL,5442,1000,'admin'),(1443,1,1100.00,4,1000.00,0.00,NULL,5443,1000,'admin'),(1444,1,1100.00,4,700.00,0.00,NULL,5444,1000,'admin'),(1445,1,1100.00,4,600.00,0.00,NULL,5445,1000,'admin'),(1446,1,1100.00,4,700.00,0.00,NULL,5446,1000,'admin'),(1448,1,1100.00,4,700.00,0.00,NULL,5448,1000,'admin'),(1449,1,1100.00,4,500.00,0.00,NULL,5449,1000,'admin'),(1450,1,1100.00,4,700.00,0.00,NULL,5450,1000,'admin'),(1451,1,1100.00,4,700.00,0.00,NULL,5451,1000,'admin'),(1452,1,1100.00,4,800.00,0.00,NULL,5452,1000,'admin'),(1453,1,1100.00,4,600.00,0.00,NULL,5453,1000,'admin'),(1454,1,1200.00,4,400.00,0.00,NULL,5454,1000,'admin'),(1455,1,1100.00,4,600.00,0.00,NULL,5455,1000,'admin'),(1456,1,1100.00,4,800.00,0.00,NULL,5456,1000,'admin'),(1457,1,1100.00,4,700.00,0.00,NULL,5457,1000,'admin'),(1458,1,1100.00,4,1200.00,0.00,NULL,5458,1000,'admin'),(1459,1,1100.00,4,1100.00,0.00,NULL,5459,1000,'admin'),(1460,1,1100.00,4,700.00,0.00,NULL,5460,1000,'admin'),(1461,1,1100.00,4,1200.00,0.00,NULL,5461,1000,'admin'),(1462,1,1100.00,4,1000.00,0.00,NULL,5462,1000,'admin'),(1463,1,1200.00,4,400.00,0.00,NULL,5463,1000,'admin'),(1464,1,1100.00,4,1000.00,0.00,NULL,5464,1000,'admin'),(1465,1,1100.00,4,700.00,0.00,NULL,5465,1000,'admin'),(1466,1,1100.00,4,1000.00,0.00,NULL,5466,1000,'admin'),(1467,1,1000.00,4,500.00,0.00,NULL,5467,1000,'admin'),(1468,1,1100.00,4,700.00,0.00,NULL,5468,1000,'admin'),(1469,1,1200.00,4,700.00,0.00,NULL,5469,1000,'admin'),(1470,1,1000.00,4,1000.00,0.00,NULL,5470,1000,'admin'),(1471,1,1100.00,4,600.00,0.00,NULL,5471,1000,'admin'),(1472,1,1100.00,4,500.00,0.00,NULL,5472,1000,'admin'),(1473,1,1100.00,4,600.00,0.00,NULL,5473,1000,'admin'),(1474,1,1100.00,4,1200.00,0.00,NULL,5474,1000,'admin'),(1475,1,1100.00,4,600.00,0.00,NULL,5475,1000,'admin'),(1476,1,1100.00,4,0.00,0.00,NULL,5476,1000,'admin'),(1477,1,1100.00,4,600.00,0.00,NULL,5477,1000,'admin'),(1478,1,1100.00,4,500.00,0.00,NULL,5478,1000,'admin'),(1479,1,1100.00,4,1200.00,0.00,NULL,5479,1000,'admin'),(1480,1,1100.00,4,600.00,0.00,NULL,5480,1000,'admin'),(1481,1,1100.00,4,400.00,0.00,NULL,5481,1000,'admin'),(1482,1,1100.00,4,600.00,0.00,NULL,5482,1000,'admin'),(1483,1,1100.00,4,600.00,0.00,NULL,5483,1000,'admin'),(1484,1,1100.00,4,1200.00,0.00,NULL,5484,1000,'admin'),(1485,1,1100.00,4,700.00,0.00,NULL,5485,1000,'admin'),(1486,1,1100.00,4,0.00,0.00,NULL,5486,1000,'admin'),(1487,1,1100.00,4,1000.00,0.00,NULL,5487,1000,'admin'),(1488,1,1100.00,4,500.00,0.00,NULL,5488,1000,'admin'),(1489,1,1100.00,4,800.00,0.00,NULL,5489,1000,'admin'),(1490,1,1000.00,4,500.00,0.00,NULL,5490,1000,'admin'),(1491,1,1100.00,4,800.00,0.00,NULL,5491,1000,'admin'),(1492,1,1100.00,4,800.00,0.00,NULL,5492,1000,'admin'),(1493,1,500.00,4,400.00,0.00,NULL,5493,1000,'admin'),(1494,1,1000.00,4.5,400.00,0.00,NULL,5494,1001,'admin'),(1495,1,500.00,4.5,400.00,0.00,NULL,5495,1001,'admin'),(1496,1,1000.00,4.5,400.00,0.00,NULL,5496,1001,'admin'),(1497,1,1200.00,4,600.00,0.00,NULL,5497,1000,'admin'),(1498,1,1200.00,4,600.00,0.00,NULL,5498,1000,'admin'),(1499,1,1100.00,4,400.00,0.00,NULL,5499,1000,'admin'),(1500,1,1200.00,4,600.00,0.00,NULL,5500,1000,'admin'),(1501,1,1100.00,4,0.00,0.00,NULL,5501,1000,'admin'),(1502,1,1100.00,4,0.00,0.00,NULL,5502,1000,'admin'),(1503,1,1100.00,4,0.00,0.00,NULL,5503,1000,'admin'),(1504,1,1050.00,4,0.00,0.00,NULL,5504,1000,'admin'),(1505,1,1000.00,4.5,0.00,0.00,NULL,5505,1001,'admin'),(1506,1,1000.00,4.5,0.00,0.00,NULL,5506,1001,'admin'),(1507,1,300.00,4.5,0.00,0.00,NULL,5507,1001,'admin'),(1508,1,1000.00,4.5,0.00,0.00,NULL,5508,1001,'admin'),(1509,1,1000.00,4.5,0.00,0.00,NULL,5509,1001,'admin'),(1510,1,1000.00,4.5,0.00,0.00,NULL,5510,1001,'admin'),(1511,1,1000.00,4.5,0.00,0.00,NULL,5511,1001,'admin'),(1512,1,1000.00,4.5,0.00,0.00,NULL,5512,1001,'admin'),(1513,1,1100.00,4,0.00,0.00,NULL,5513,1000,'admin'),(1514,1,1100.00,4,0.00,0.00,NULL,5514,1000,'admin'),(1515,1,1100.00,4,0.00,0.00,NULL,5515,1000,'admin'),(1516,1,1000.00,4.5,0.00,0.00,NULL,5516,1001,'admin'),(1517,1,1000.00,4.5,0.00,0.00,NULL,5517,1001,'admin'),(1518,1,1000.00,4.5,0.00,0.00,NULL,5518,1001,'admin'),(1519,1,1000.00,4.5,0.00,0.00,NULL,5519,1001,'admin'),(1520,1,1000.00,4.5,0.00,0.00,NULL,5520,1001,'admin'),(1521,1,1000.00,4.5,0.00,0.00,NULL,5521,1001,'admin'),(1522,1,1000.00,4.5,0.00,0.00,NULL,5522,1001,'admin'),(1523,1,1000.00,4.5,0.00,0.00,NULL,5523,1001,'admin'),(1524,1,1000.00,4.5,500.00,0.00,NULL,5524,1001,'admin'),(1525,1,1000.00,4.5,500.00,0.00,NULL,5525,1001,'admin'),(1526,1,1200.00,4,500.00,0.00,NULL,5526,1000,'admin'),(1527,1,1000.00,4.5,0.00,0.00,NULL,5527,1001,'admin'),(1528,1,1100.00,4.5,0.00,0.00,NULL,5528,1001,'admin'),(1529,1,1000.00,4,0.00,0.00,NULL,5529,1000,'admin'),(1530,1,1000.00,4.5,0.00,0.00,NULL,5530,1001,'admin'),(1531,1,3600.00,4,0.00,0.00,NULL,5531,1000,'admin'),(1532,1,1000.00,4.5,0.00,0.00,NULL,5532,1001,'admin'),(1533,1,1000.00,4.5,0.00,0.00,NULL,5533,1001,'admin'),(1534,1,1000.00,4.5,0.00,0.00,NULL,5534,1001,'admin'),(1535,1,1000.00,4.5,0.00,0.00,NULL,5535,1001,'admin'),(1536,1,1000.00,4,0.00,0.00,NULL,5536,1000,'admin'),(1537,1,1000.00,4,0.00,0.00,NULL,5537,1000,'admin'),(1538,1,1000.00,4,0.00,0.00,NULL,5538,1000,'admin'),(1539,1,1000.00,4,0.00,0.00,NULL,5539,1000,'admin'),(1540,1,3000.00,4.5,0.00,0.00,NULL,5540,1001,'admin'),(1541,1,2000.00,4.5,0.00,0.00,NULL,5541,1001,'admin'),(1542,1,1000.00,4.5,0.00,0.00,NULL,5542,1001,'admin'),(1543,1,1000.00,4.5,0.00,0.00,NULL,5543,1001,'admin'),(1544,1,2000.00,4.5,0.00,0.00,NULL,5544,1001,'admin'),(1545,1,2000.00,4.5,0.00,0.00,NULL,5545,1001,'admin'),(1546,1,1000.00,4.5,0.00,0.00,NULL,5546,1001,'admin'),(1547,1,1000.00,4.5,0.00,0.00,NULL,5547,1001,'admin'),(1548,1,1000.00,4.5,0.00,0.00,NULL,5548,1001,'admin'),(1549,1,500.00,4.5,0.00,0.00,NULL,5549,1001,'admin'),(1550,1,2000.00,4.5,0.00,0.00,NULL,5550,1001,'admin'),(1551,1,2000.00,4.5,0.00,0.00,NULL,5551,1001,'admin'),(1552,1,1000.00,4.5,0.00,0.00,NULL,5552,1001,'admin'),(1553,1,2000.00,4.5,0.00,0.00,NULL,5553,1001,'admin'),(1554,1,1000.00,4.5,0.00,0.00,NULL,5554,1001,'admin'),(1555,1,1000.00,4.5,0.00,0.00,NULL,5555,1001,'admin'),(1556,1,1000.00,4.5,0.00,0.00,NULL,5556,1001,'admin'),(1557,1,1000.00,4.5,0.00,0.00,NULL,5557,1001,'admin'),(1558,1,1000.00,4.5,0.00,0.00,NULL,5558,1001,'admin'),(1559,1,2000.00,4.5,0.00,0.00,NULL,5559,1001,'admin'),(1560,1,3000.00,4.5,0.00,0.00,NULL,5560,1001,'admin'),(1561,1,1000.00,4.5,0.00,0.00,NULL,5561,1001,'admin'),(1562,1,800.00,4.5,0.00,0.00,NULL,5562,1001,'admin'),(1563,1,1000.00,4.5,0.00,0.00,NULL,5563,1001,'admin'),(1564,1,1000.00,4.5,0.00,0.00,NULL,5564,1001,'admin'),(1565,1,1000.00,4.5,0.00,0.00,NULL,5565,1001,'admin'),(1566,1,2200.00,4,0.00,0.00,NULL,5566,1000,'admin'),(1567,1,2200.00,4,0.00,0.00,NULL,5567,1000,'admin'),(1568,1,2200.00,4,0.00,0.00,NULL,5568,1000,'admin'),(1569,1,1100.00,4,0.00,0.00,NULL,5569,1000,'admin'),(1570,1,2200.00,4,0.00,0.00,NULL,5570,1000,'admin'),(1571,1,1100.00,4,0.00,0.00,NULL,5571,1000,'admin'),(1572,1,1100.00,4,0.00,0.00,NULL,5572,1000,'admin'),(1573,1,2200.00,4,0.00,0.00,NULL,5573,1000,'admin'),(1574,1,2200.00,4,0.00,0.00,NULL,5574,1000,'admin'),(1575,1,1100.00,4,0.00,0.00,NULL,5575,1000,'admin'),(1576,1,1100.00,4,0.00,0.00,NULL,5576,1000,'admin'),(1577,1,2200.00,4,0.00,0.00,NULL,5577,1000,'admin'),(1578,1,1100.00,4,0.00,0.00,NULL,5578,1000,'admin'),(1579,1,1000.00,4.5,0.00,0.00,NULL,5579,1001,'admin'),(1580,1,1100.00,4,0.00,0.00,NULL,5580,1000,'admin'),(1581,1,1100.00,4,0.00,0.00,NULL,5581,1000,'admin'),(1582,1,2000.00,4.5,0.00,0.00,NULL,5582,1001,'admin'),(1583,1,1000.00,4.5,0.00,0.00,NULL,5583,1001,'admin'),(1584,1,1000.00,4.5,0.00,0.00,NULL,5584,1001,'admin'),(1585,1,1000.00,4.5,0.00,0.00,NULL,5585,1001,'admin'),(1586,1,1000.00,4.5,0.00,0.00,NULL,5586,1001,'admin'),(1587,1,1100.00,4.5,0.00,0.00,NULL,5587,1001,'admin'),(1588,1,800.00,4.5,0.00,0.00,NULL,5588,1001,'admin'),(1589,1,250.00,13,0.00,0.00,NULL,5589,1002,'admin'),(1590,1,250.00,13,0.00,0.00,NULL,5590,1002,'admin'),(1591,1,300.00,13,0.00,0.00,NULL,5591,1002,'admin'),(1592,1,300.00,13,0.00,0.00,NULL,5592,1002,'admin'),(1593,1,1000.00,4.5,0.00,0.00,NULL,5593,1001,'admin'),(1594,1,1000.00,4,0.00,0.00,NULL,5594,1000,'admin'),(1595,1,1000.00,4,0.00,0.00,NULL,5595,1000,'admin'),(1596,1,3000.00,4.5,0.00,0.00,NULL,5596,1001,'admin'),(1597,1,1000.00,4,0.00,0.00,NULL,5597,1000,'admin'),(1598,1,1000.00,4.5,0.00,0.00,NULL,5598,1001,'admin'),(1599,1,300.00,13,0.00,0.00,NULL,5599,1002,'admin'),(1600,1,1050.00,4.5,0.00,0.00,NULL,5600,1001,'admin'),(1601,1,2400.00,4,0.00,0.00,NULL,5601,1000,'admin'),(1602,1,600.00,13,0.00,0.00,NULL,5602,1002,'admin'),(1603,1,1100.00,4,500.00,0.00,NULL,5603,1000,'admin'),(1604,1,1100.00,4,400.00,0.00,NULL,5604,1000,'admin'),(1605,1,1100.00,4,400.00,0.00,NULL,5605,1000,'admin'),(1606,1,1000.00,4,900.00,0.00,NULL,5606,1000,'admin'),(1607,1,1000.00,4,900.00,0.00,NULL,5607,1000,'admin'),(1608,1,1000.00,4,900.00,0.00,NULL,5608,1000,'admin'),(1609,1,1200.00,4,1000.00,0.00,NULL,5609,1000,'admin'),(1610,1,1200.00,4,1000.00,0.00,NULL,5610,1000,'admin'),(1611,1,300.00,15,0.00,0.00,NULL,5611,1002,'admin'),(1612,1,1100.00,4,500.00,0.00,NULL,5612,1000,'admin'),(1613,1,1100.00,4,500.00,0.00,NULL,5613,1000,'admin'),(1614,1,1100.00,4,400.00,0.00,NULL,5614,1000,'admin'),(1615,1,1000.00,4,400.00,0.00,NULL,5615,1000,'admin'),(1616,1,1100.00,4,400.00,0.00,NULL,5616,1000,'admin'),(1617,1,1150.00,4,1200.00,0.00,NULL,5617,1000,'admin'),(1618,1,1000.00,4,500.00,0.00,NULL,5618,1000,'admin'),(1619,1,1100.00,4,400.00,0.00,NULL,5619,1000,'admin'),(1620,1,1100.00,4,400.00,0.00,NULL,5620,1000,'admin'),(1621,1,200.00,4.5,0.00,0.00,NULL,5621,1001,'admin');
/*!40000 ALTER TABLE `com_order_entry` ENABLE KEYS */;
UNLOCK TABLES;

--
-- Table structure for table `com_order_payment_entry`
--

DROP TABLE IF EXISTS `com_order_payment_entry`;
/*!40101 SET @saved_cs_client     = @@character_set_client */;
/*!40101 SET character_set_client = utf8 */;
CREATE TABLE `com_order_payment_entry` (
  `CODE` int(10) NOT NULL AUTO_INCREMENT,
  `PAYMENT_ENTRY_NO` int(2) NOT NULL,
  `PAYABLE_AMOUNT` double(10,2) NOT NULL,
  `PAID_AMOUNT` double(10,2) NOT NULL,
  `PAYMENT_ENTRY_PAYMENT_STATUS` int(1) NOT NULL,
  `PAYMENT_DATE` timestamp NOT NULL DEFAULT CURRENT_TIMESTAMP ON UPDATE CURRENT_TIMESTAMP,
  `ORDER_ENTRY_CODE` int(5) NOT NULL,
  PRIMARY KEY (`CODE`),
  KEY `ORDER_ENTRY_CODE` (`ORDER_ENTRY_CODE`),
  CONSTRAINT `com_order_payment_entry_ibfk_1` FOREIGN KEY (`ORDER_ENTRY_CODE`) REFERENCES `com_order_entry` (`CODE`) ON DELETE CASCADE
) ENGINE=InnoDB AUTO_INCREMENT=1000 DEFAULT CHARSET=latin1;
/*!40101 SET character_set_client = @saved_cs_client */;

--
-- Dumping data for table `com_order_payment_entry`
--

LOCK TABLES `com_order_payment_entry` WRITE;
/*!40000 ALTER TABLE `com_order_payment_entry` DISABLE KEYS */;
/*!40000 ALTER TABLE `com_order_payment_entry` ENABLE KEYS */;
UNLOCK TABLES;

--
-- Table structure for table `contact_person`
--

DROP TABLE IF EXISTS `contact_person`;
/*!40101 SET @saved_cs_client     = @@character_set_client */;
/*!40101 SET character_set_client = utf8 */;
CREATE TABLE `contact_person` (
  `CODE` int(5) NOT NULL AUTO_INCREMENT,
  `NAME` varchar(50) NOT NULL,
  `CONTACT_PRIMARY` varchar(15) NOT NULL,
  `CONTACT_SECONDARY` varchar(15) DEFAULT NULL,
  `TYPE_CODE` int(5) NOT NULL,
  `VENDOR_CODE` int(5) NOT NULL,
  `LAST_MODIFIED_BY` varchar(10) DEFAULT NULL,
  PRIMARY KEY (`CODE`),
  KEY `VENDOR_CODE` (`VENDOR_CODE`),
  CONSTRAINT `contact_person_ibfk_1` FOREIGN KEY (`VENDOR_CODE`) REFERENCES `vendor` (`CODE`) ON DELETE CASCADE
) ENGINE=InnoDB AUTO_INCREMENT=1000 DEFAULT CHARSET=latin1;
/*!40101 SET character_set_client = @saved_cs_client */;

--
-- Dumping data for table `contact_person`
--

LOCK TABLES `contact_person` WRITE;
/*!40000 ALTER TABLE `contact_person` DISABLE KEYS */;
/*!40000 ALTER TABLE `contact_person` ENABLE KEYS */;
UNLOCK TABLES;

--
-- Table structure for table `contact_person_type`
--

DROP TABLE IF EXISTS `contact_person_type`;
/*!40101 SET @saved_cs_client     = @@character_set_client */;
/*!40101 SET character_set_client = utf8 */;
CREATE TABLE `contact_person_type` (
  `TYPE_CODE` int(5) NOT NULL,
  `TYPE_NAME` varchar(50) NOT NULL,
  PRIMARY KEY (`TYPE_CODE`)
) ENGINE=InnoDB DEFAULT CHARSET=latin1;
/*!40101 SET character_set_client = @saved_cs_client */;

--
-- Dumping data for table `contact_person_type`
--

LOCK TABLES `contact_person_type` WRITE;
/*!40000 ALTER TABLE `contact_person_type` DISABLE KEYS */;
INSERT INTO `contact_person_type` VALUES (1001,'INVESTOR'),(5001,'VENDOR');
/*!40000 ALTER TABLE `contact_person_type` ENABLE KEYS */;
UNLOCK TABLES;

--
-- Table structure for table `customer`
--

DROP TABLE IF EXISTS `customer`;
/*!40101 SET @saved_cs_client     = @@character_set_client */;
/*!40101 SET character_set_client = utf8 */;
CREATE TABLE `customer` (
  `CODE` int(10) NOT NULL AUTO_INCREMENT,
  `NAME` varchar(50) NOT NULL,
  `CONTACT_PRIMARY` varchar(15) NOT NULL,
  `CONTACT_SECONDARY` varchar(15) DEFAULT NULL,
  `LAST_MODIFIED_BY` varchar(10) DEFAULT NULL,
  PRIMARY KEY (`CODE`),
  KEY `ID_CUSTOMER` (`CODE`)
) ENGINE=InnoDB AUTO_INCREMENT=1154 DEFAULT CHARSET=latin1;
/*!40101 SET character_set_client = @saved_cs_client */;

--
-- Dumping data for table `customer`
--

LOCK TABLES `customer` WRITE;
/*!40000 ALTER TABLE `customer` DISABLE KEYS */;
INSERT INTO `customer` VALUES (1000,'Abhimanyu Mesua','1234667890','1234667890',NULL),(1001,'Abhimanyu Rajhansh','1234667890','1234667890',NULL),(1002,'Abhishek Dalei','1234667890','1234667890',NULL),(1003,'Airtel tower','1234667890','1234667890',NULL),(1004,'Akshaya Barik','1234667890','1234667890',NULL),(1005,'Akshaya Jhankar','1234667890','1234667890',NULL),(1006,'Akshaya Ratha','1234667890','1234667890',NULL),(1007,'Anirudha Mahakud','1234667890','1234667890',NULL),(1008,'Ashok Mahakul','1234667890','1234667890',NULL),(1009,'Babuli Nayak','1234667890','1234667890',NULL),(1010,'Babuli Taria','1234667890','1234667890',NULL),(1011,'Balaram Sethi','1234667890','1234667890',NULL),(1012,'Banchanidhi Tripathy','1234667890','1234667890',NULL),(1013,'Baruna Khumari','1234667890','1234667890',NULL),(1014,'Baunsuni High School','1234667890','1234667890',NULL),(1015,'Baunsuni Thana','1234667890','1234667890',NULL),(1016,'Beda Meher','1234667890','1234667890',NULL),(1017,'Benudhar Meher','1234667890','1234667890',NULL),(1018,'Bhubana Taria','1234667890','1234667890',NULL),(1019,'Bibekananda','1234667890','1234667890',NULL),(1020,'Bidyadhar Meher','1234667890','1234667890',NULL),(1021,'Bijaya Nayak','1234667890','1234667890',NULL),(1022,'Birendra','1234667890','1234667890',NULL),(1023,'Biresh Naik','1234667890','1234667890',NULL),(1024,'Biswanath Nayak','1234667890','1234667890',NULL),(1025,'Bulu','1234667890','1234667890',NULL),(1026,'Bulu Khamari','1234667890','1234667890',NULL),(1027,'Chakradhar Meher','1234667890','1234667890',NULL),(1028,'Chitrasen Loha','1234667890','1234667890',NULL),(1029,'Chitta Ranjan Maharana','1234667890','1234667890',NULL),(1030,'Dakshya Mohanty','1234667890','1234667890',NULL),(1031,'Dananjaya Pera','1234667890','1234667890',NULL),(1032,'Dasaratha Sahu','1234667890','1234667890',NULL),(1033,'Dasarathi Pradhan','1234667890','1234667890',NULL),(1034,'Dhanamali Meher','1234667890','1234667890',NULL),(1035,'Dharani Sethi','1234667890','1234667890',NULL),(1036,'Dharanidhar Sethi','1234667890','1234667890',NULL),(1037,'Fire Station Baunsuni','1234667890','1234667890',NULL),(1038,'Ganesh Sethi','1234667890','1234667890',NULL),(1039,'Girish','1234667890','1234667890',NULL),(1040,'Godabari Barik','1234667890','1234667890',NULL),(1041,'Gopabandhu Rajahansha','1234667890','1234667890',NULL),(1042,'Gopal Karadia','1234667890','1234667890',NULL),(1043,'Gopal Sethi','1234667890','1234667890',NULL),(1044,'Harish','1234667890','1234667890',NULL),(1045,'Hasim','1234667890','1234667890',NULL),(1046,'Hemanta Kumar Sahu','1234667890','1234667890',NULL),(1047,'HM Badikata','1234667890','1234667890',NULL),(1048,'Jagadish Meher','1234667890','1234667890',NULL),(1049,'Jagannath Meher','1234667890','1234667890',NULL),(1050,'Jhasa','1234667890','1234667890',NULL),(1051,'Jiten Patra','1234667890','1234667890',NULL),(1052,'Jogeswar Meher','1234667890','1234667890',NULL),(1053,'Kambhu Gaigaria','1234667890','1234667890',NULL),(1054,'Kambhu Mirdha','1234667890','1234667890',NULL),(1055,'Kanhu Tripathy','1234667890','1234667890',NULL),(1056,'Karik Bhukta','1234667890','1234667890',NULL),(1057,'Kartik Naik','1234667890','1234667890',NULL),(1058,'Khageswar','1234667890','1234667890',NULL),(1059,'Kishor Meher','1234667890','1234667890',NULL),(1060,'Kshetrabasi Dehuri','1234667890','1234667890',NULL),(1061,'Kuna maharana','1234667890','1234667890',NULL),(1062,'Kuni Babu','1234667890','1234667890',NULL),(1063,'Kusha Khamari','1234667890','1234667890',NULL),(1064,'Laba Meshua','1234667890','1234667890',NULL),(1065,'Lamkishor Baghara','1234667890','1234667890',NULL),(1066,'Laxman Meher','1234667890','1234667890',NULL),(1067,'Laxmindra Dehuri','1234667890','1234667890',NULL),(1068,'LI Point','1234667890','1234667890',NULL),(1069,'Lipun','1234667890','1234667890',NULL),(1070,'Luku Taria','1234667890','1234667890',NULL),(1071,'Madhaba Singh','1234667890','1234667890',NULL),(1072,'Maheswar Meher','1234667890','1234667890',NULL),(1073,'Markanda Bastia','1234667890','1234667890',NULL),(1074,'Manabhanjan Tripathy','1234667890','1234667890',NULL),(1075,'Manas Khamari','1234667890','1234667890',NULL),(1076,'Manas Mahakul','1234667890','1234667890',NULL),(1077,'Manas Meher','1234667890','1234667890',NULL),(1078,'Manoj','1234667890','1234667890',NULL),(1079,'Mithila Kumbhara','1234667890','1234667890',NULL),(1080,'Mithun Malik','1234667890','1234667890',NULL),(1081,'Mitu Behera','1234667890','1234667890',NULL),(1082,'Mutu','1234667890','1234667890',NULL),(1083,'Nakula Karmi','1234667890','1234667890',NULL),(1084,'Naveen Pradhan','1234667890','1234667890',NULL),(1085,'Nirakar Behera','1234667890','1234667890',NULL),(1086,'Pabitra Rana','1234667890','1234667890',NULL),(1087,'Pachanan Mahakul','1234667890','1234667890',NULL),(1088,'Padhi Khamari','1234667890','1234667890',NULL),(1089,'Padma Khamari','1234667890','1234667890',NULL),(1090,'Pancha Praharaj','1234667890','1234667890',NULL),(1091,'Panchu Sahu','1234667890','1234667890',NULL),(1092,'Petu Behera','1234667890','1234667890',NULL),(1093,'Pradeep Meher','1234667890','1234667890',NULL),(1094,'Praharaj','1234667890','1234667890',NULL),(1095,'Prakash - Baunsuni Medical','1234667890','1234667890',NULL),(1096,'Prakash Rana ','1234667890','1234667890',NULL),(1097,'Pramod Pothal','1234667890','1234667890',NULL),(1098,'Pranab Karna','1234667890','1234667890',NULL),(1099,'Prasanna Bhabasagar','1234667890','1234667890',NULL),(1100,'Prasanta Thakur','1234667890','1234667890',NULL),(1101,'Prashant Khatua','1234667890','1234667890',NULL),(1102,'Pratap Kumar Sahu','1234667890','1234667890',NULL),(1103,'Pura Baksi','1234667890','1234667890',NULL),(1104,'Purna Bakshi','1234667890','1234667890',NULL),(1105,'Purna Sethi','1234667890','1234667890',NULL),(1106,'Purna Thakur','1234667890','1234667890',NULL),(1107,'R.I Office','1234667890','1234667890',NULL),(1108,'Rabindra Meher','1234667890','1234667890',NULL),(1109,'Raghu Rana','1234667890','1234667890',NULL),(1110,'Rajendra Nayak','1234667890','1234667890',NULL),(1111,'Rajendra Majhi','1234667890','1234667890',NULL),(1112,'Rajeev Kanhar','1234667890','1234667890',NULL),(1113,'Ramakanta Meher','1234667890','1234667890',NULL),(1114,'Ramakanta Rana','1234667890','1234667890',NULL),(1115,'Ramesh Mahananda','1234667890','1234667890',NULL),(1116,'Ramu Dehuri','1234667890','1234667890',NULL),(1117,'Ranjan','1234667890','1234667890',NULL),(1118,'Ranjit','1234667890','1234667890',NULL),(1119,'Rupa Majhi','1234667890','1234667890',NULL),(1120,'Sanjaya Meher','1234667890','1234667890',NULL),(1121,'Sanjaya Pera','1234667890','1234667890',NULL),(1122,'Santosh Kumar Dehuri','1234667890','1234667890',NULL),(1123,'Sarasana','1234667890','1234667890',NULL),(1124,'Sarathi','1234667890','1234667890',NULL),(1125,'Saroj','1234667890','1234667890',NULL),(1126,'Satya Meher','1234667890','1234667890',NULL),(1127,'Siba karmi','1234667890','1234667890',NULL),(1128,'Society ','1234667890','1234667890',NULL),(1129,'Sridurga','1234667890','1234667890',NULL),(1130,'Srinibas Nayak','1234667890','1234667890',NULL),(1131,'Subal Bhoi','1234667890','1234667890',NULL),(1132,'Subash Guru','1234667890','1234667890',NULL),(1133,'Sudam Meher','1234667890','1234667890',NULL),(1134,'Sudam Naik','1234667890','1234667890',NULL),(1135,'Suna Maharana','1234667890','1234667890',NULL),(1136,'Sunil Hati ','1234667890','1234667890',NULL),(1137,'Susil Karna','1234667890','1234667890',NULL),(1138,'Susil Mahakul','1234667890','1234667890',NULL),(1139,'Swadhin Bhoi','1234667890','1234667890',NULL),(1140,'Swadhin Dipa','1234667890','1234667890',NULL),(1141,'Swadhin Kumar','1234667890','1234667890',NULL),(1142,'Swadhin Mahakul','1234667890','1234667890',NULL),(1143,'Swadhin Thakur','1234667890','1234667890',NULL),(1144,'Tanbir','1234667890','1234667890',NULL),(1145,'Taranisen Hati','1234667890','1234667890',NULL),(1146,'Titu Barik','1234667890','1234667890',NULL),(1147,'Tripura','1234667890','1234667890',NULL),(1148,'Uma Rani Guru','1234667890','1234667890',NULL),(1149,'Valmiki Bhabasagar','1234667890','1234667890',NULL),(1150,'Vinod','1234667890','1234667890',NULL),(1151,'Niladri Mahakul','1234667890',NULL,'admin'),(1152,'Ashok Meher','1234667890',NULL,'admin'),(1153,'Rajesh','1234567890',NULL,'admin');
/*!40000 ALTER TABLE `customer` ENABLE KEYS */;
UNLOCK TABLES;

--
-- Table structure for table `delivery_vehicle`
--

DROP TABLE IF EXISTS `delivery_vehicle`;
/*!40101 SET @saved_cs_client     = @@character_set_client */;
/*!40101 SET character_set_client = utf8 */;
CREATE TABLE `delivery_vehicle` (
  `CODE` int(11) NOT NULL AUTO_INCREMENT,
  `VEHICLE_NO` varchar(30) NOT NULL,
  PRIMARY KEY (`CODE`)
) ENGINE=InnoDB AUTO_INCREMENT=1003 DEFAULT CHARSET=latin1;
/*!40101 SET character_set_client = @saved_cs_client */;

--
-- Dumping data for table `delivery_vehicle`
--

LOCK TABLES `delivery_vehicle` WRITE;
/*!40000 ALTER TABLE `delivery_vehicle` DISABLE KEYS */;
INSERT INTO `delivery_vehicle` VALUES (1000,'0259'),(1001,'9510'),(1002,'EXTERNAL');
/*!40000 ALTER TABLE `delivery_vehicle` ENABLE KEYS */;
UNLOCK TABLES;

--
-- Table structure for table `employee`
--

DROP TABLE IF EXISTS `employee`;
/*!40101 SET @saved_cs_client     = @@character_set_client */;
/*!40101 SET character_set_client = utf8 */;
CREATE TABLE `employee` (
  `CODE` int(5) NOT NULL AUTO_INCREMENT,
  `NAME` varchar(50) NOT NULL,
  `CONTACT_PRIMARY` varchar(15) NOT NULL,
  `CONTACT_SECONDARY` varchar(15) DEFAULT NULL,
  `ACTIVE` int(1) NOT NULL,
  `JOINING_DATE` timestamp NOT NULL DEFAULT CURRENT_TIMESTAMP ON UPDATE CURRENT_TIMESTAMP,
  `LAST_MODIFIED_BY` varchar(10) DEFAULT NULL,
  `LAST_MODIFIED_DATE` timestamp NOT NULL DEFAULT '0000-00-00 00:00:00',
  PRIMARY KEY (`CODE`)
) ENGINE=InnoDB AUTO_INCREMENT=1000 DEFAULT CHARSET=latin1;
/*!40101 SET character_set_client = @saved_cs_client */;

--
-- Dumping data for table `employee`
--

LOCK TABLES `employee` WRITE;
/*!40000 ALTER TABLE `employee` DISABLE KEYS */;
/*!40000 ALTER TABLE `employee` ENABLE KEYS */;
UNLOCK TABLES;

--
-- Table structure for table `employee_salary`
--

DROP TABLE IF EXISTS `employee_salary`;
/*!40101 SET @saved_cs_client     = @@character_set_client */;
/*!40101 SET character_set_client = utf8 */;
CREATE TABLE `employee_salary` (
  `CODE` int(5) NOT NULL AUTO_INCREMENT,
  `EMPLOYEE_CODE` int(11) NOT NULL,
  `EFFECTIVE_FROM` timestamp NOT NULL DEFAULT CURRENT_TIMESTAMP ON UPDATE CURRENT_TIMESTAMP,
  `EFFECTIVE_TILL` timestamp NOT NULL DEFAULT '0000-00-00 00:00:00',
  `SALARY` double(10,2) NOT NULL,
  `ACTIVE_REVISION` int(1) DEFAULT NULL,
  `LAST_MODIFIED_BY` varchar(10) DEFAULT NULL,
  `LAST_MODIFIED_DATE` timestamp NOT NULL DEFAULT '0000-00-00 00:00:00',
  PRIMARY KEY (`CODE`),
  KEY `EMPLOYEE_CODE` (`EMPLOYEE_CODE`),
  CONSTRAINT `employee_salary_ibfk_1` FOREIGN KEY (`EMPLOYEE_CODE`) REFERENCES `employee` (`CODE`) ON DELETE CASCADE
) ENGINE=InnoDB AUTO_INCREMENT=1000 DEFAULT CHARSET=latin1;
/*!40101 SET character_set_client = @saved_cs_client */;

--
-- Dumping data for table `employee_salary`
--

LOCK TABLES `employee_salary` WRITE;
/*!40000 ALTER TABLE `employee_salary` DISABLE KEYS */;
/*!40000 ALTER TABLE `employee_salary` ENABLE KEYS */;
UNLOCK TABLES;

--
-- Table structure for table `expense`
--

DROP TABLE IF EXISTS `expense`;
/*!40101 SET @saved_cs_client     = @@character_set_client */;
/*!40101 SET character_set_client = utf8 */;
CREATE TABLE `expense` (
  `CODE` int(10) NOT NULL AUTO_INCREMENT,
  `EXPENSE_DATE` timestamp NOT NULL DEFAULT CURRENT_TIMESTAMP ON UPDATE CURRENT_TIMESTAMP,
  `AMOUNT` double(10,2) NOT NULL,
  `VENDOR_CODE` int(5) NOT NULL,
  `INVESTOR_CODE` int(5) NOT NULL,
  `CATEGORY_CODE` int(5) NOT NULL,
  `NOTES` varchar(255) DEFAULT NULL,
  `PAYMEMT_CODE` int(5) NOT NULL,
  `CREATED_BY` varchar(10) NOT NULL,
  `LAST_MODIFIED_BY` varchar(10) NOT NULL,
  `CREATED_DATE` timestamp NOT NULL DEFAULT '0000-00-00 00:00:00',
  `LAST_MODIFIED_DATE` timestamp NOT NULL DEFAULT '0000-00-00 00:00:00',
  PRIMARY KEY (`CODE`),
  KEY `INVESTOR_CODE` (`INVESTOR_CODE`),
  KEY `VENDOR_CODE` (`VENDOR_CODE`),
  KEY `CATEGORY_CODE` (`CATEGORY_CODE`),
  KEY `PAYMEMT_CODE` (`PAYMEMT_CODE`),
  CONSTRAINT `expense_ibfk_1` FOREIGN KEY (`INVESTOR_CODE`) REFERENCES `investor` (`CODE`) ON DELETE CASCADE,
  CONSTRAINT `expense_ibfk_2` FOREIGN KEY (`VENDOR_CODE`) REFERENCES `vendor` (`CODE`) ON DELETE CASCADE,
  CONSTRAINT `expense_ibfk_3` FOREIGN KEY (`CATEGORY_CODE`) REFERENCES `expense_category` (`EXP_CAT_CODE`) ON DELETE CASCADE,
  CONSTRAINT `expense_ibfk_4` FOREIGN KEY (`PAYMEMT_CODE`) REFERENCES `payment_mode` (`PAYMEMT_CODE`) ON DELETE CASCADE
) ENGINE=InnoDB AUTO_INCREMENT=1000 DEFAULT CHARSET=latin1;
/*!40101 SET character_set_client = @saved_cs_client */;

--
-- Dumping data for table `expense`
--

LOCK TABLES `expense` WRITE;
/*!40000 ALTER TABLE `expense` DISABLE KEYS */;
/*!40000 ALTER TABLE `expense` ENABLE KEYS */;
UNLOCK TABLES;

--
-- Table structure for table `expense_category`
--

DROP TABLE IF EXISTS `expense_category`;
/*!40101 SET @saved_cs_client     = @@character_set_client */;
/*!40101 SET character_set_client = utf8 */;
CREATE TABLE `expense_category` (
  `EXP_CAT_CODE` int(5) NOT NULL AUTO_INCREMENT,
  `EXP_CAT_NAME` varchar(50) NOT NULL,
  `EXP_CAT_DESC` varchar(100) DEFAULT NULL,
  PRIMARY KEY (`EXP_CAT_CODE`)
) ENGINE=InnoDB AUTO_INCREMENT=1017 DEFAULT CHARSET=latin1;
/*!40101 SET character_set_client = @saved_cs_client */;

--
-- Dumping data for table `expense_category`
--

LOCK TABLES `expense_category` WRITE;
/*!40000 ALTER TABLE `expense_category` DISABLE KEYS */;
INSERT INTO `expense_category` VALUES (1000,'Labor payment - Brick construction','Labor payment - Brick construction'),(1001,'Labor payment - Tractor Driver','Labor payment - Tractor Driver'),(1002,'Labor payment - Sand','Labor payment - Sand'),(1003,'Labor payment - Lime','Labor payment - Lime'),(1004,'Labor payment - Gypsum','Labor payment - Gypsum'),(1005,'Labor payment - Maintenance','Labor payment - Maintenance'),(1006,'Material Procurement - Flyash','Material Procurement - Flyash'),(1007,'Material Procurement - Gypsum','Material Procurement - Gypsum'),(1008,'Material Procurement - Lime','Material Procurement - Lime'),(1009,'Material Procurement - Driver Payment','Material Procurement - Driver Payment'),(1010,'Bill Payment - Lease','Bill Payment - Lease'),(1011,'Bill Payment - Electricity','Bill Payment - Electricity'),(1012,'Accounting - GST','Accounting - GST'),(1013,'Accounting - CA','Accounting - CA'),(1014,'Maintenance - Machine','Maintenance - Machine'),(1015,'Maintenance - electrical','Maintenance - electrical'),(1016,'Maintenance - Vehicle','Maintenance - Vehicle');
/*!40000 ALTER TABLE `expense_category` ENABLE KEYS */;
UNLOCK TABLES;

--
-- Table structure for table `inventory`
--

DROP TABLE IF EXISTS `inventory`;
/*!40101 SET @saved_cs_client     = @@character_set_client */;
/*!40101 SET character_set_client = utf8 */;
CREATE TABLE `inventory` (
  `CODE` int(10) NOT NULL AUTO_INCREMENT,
  `LAST_UPDATED_DATE` timestamp NOT NULL DEFAULT CURRENT_TIMESTAMP ON UPDATE CURRENT_TIMESTAMP,
  `TOTAL_AVAILABLE_QUANTITY` double(10,2) NOT NULL,
  `TOTAL_RESERVED_QUANTITY` double(10,2) NOT NULL,
  `TOTAL_DAMAGED_QUANTITY` double(10,2) NOT NULL,
  `PRODUCT_CODE` int(5) NOT NULL,
  `LAST_MODIFIED_BY` varchar(10) DEFAULT NULL,
  PRIMARY KEY (`CODE`),
  KEY `PRODUCT_CODE` (`PRODUCT_CODE`),
  CONSTRAINT `inventory_ibfk_1` FOREIGN KEY (`PRODUCT_CODE`) REFERENCES `product` (`CODE`) ON DELETE CASCADE
) ENGINE=InnoDB AUTO_INCREMENT=1003 DEFAULT CHARSET=latin1;
/*!40101 SET character_set_client = @saved_cs_client */;

--
-- Dumping data for table `inventory`
--

LOCK TABLES `inventory` WRITE;
/*!40000 ALTER TABLE `inventory` DISABLE KEYS */;
INSERT INTO `inventory` VALUES (1000,'2017-06-26 18:30:00',1568100.00,0.00,0.00,1000,'SYSTEM'),(1001,'2017-07-29 18:30:00',1768090.00,0.00,0.00,1001,'SYSTEM'),(1002,'2017-06-08 18:30:00',19050.00,0.00,0.00,1002,'SYSTEM');
/*!40000 ALTER TABLE `inventory` ENABLE KEYS */;
UNLOCK TABLES;

--
-- Table structure for table `inventory_entry`
--

DROP TABLE IF EXISTS `inventory_entry`;
/*!40101 SET @saved_cs_client     = @@character_set_client */;
/*!40101 SET character_set_client = utf8 */;
CREATE TABLE `inventory_entry` (
  `CODE` int(10) NOT NULL AUTO_INCREMENT,
  `INVENTORY_CODE` int(11) NOT NULL,
  `CREATED_DATE` timestamp NOT NULL DEFAULT CURRENT_TIMESTAMP ON UPDATE CURRENT_TIMESTAMP,
  `OPENING_BALANCE` double(10,2) NOT NULL,
  `CLOSING_BALANCE` double(10,2) NOT NULL,
  `QUANTITY_ADDED` double(10,2) NOT NULL,
  `QUANTITY_REDUCED` double(10,2) NOT NULL,
  `QUANTITY_DAMAGED` double(10,2) NOT NULL,
  `QUANTITY_RESERVED` double(10,2) NOT NULL,
  `LAST_MODIFIED_BY` varchar(10) DEFAULT NULL,
  `ORDER_REF` int(10) DEFAULT NULL,
  `LABOUR_PAYMENT_STATUS` int(1) DEFAULT NULL,
  PRIMARY KEY (`CODE`),
  KEY `INVENTORY_CODE` (`INVENTORY_CODE`),
  CONSTRAINT `inventory_entry_ibfk_1` FOREIGN KEY (`INVENTORY_CODE`) REFERENCES `inventory` (`CODE`) ON DELETE CASCADE
) ENGINE=InnoDB AUTO_INCREMENT=1625 DEFAULT CHARSET=latin1;
/*!40101 SET character_set_client = @saved_cs_client */;

--
-- Dumping data for table `inventory_entry`
--

LOCK TABLES `inventory_entry` WRITE;
/*!40000 ALTER TABLE `inventory_entry` DISABLE KEYS */;
INSERT INTO `inventory_entry` VALUES (1000,1000,'2016-03-01 18:29:59',0.00,2000000.00,2000000.00,0.00,0.00,0.00,'admin',NULL,NULL),(1001,1001,'2016-03-01 18:29:59',0.00,2000000.00,2000000.00,0.00,0.00,0.00,'admin',NULL,NULL),(1002,1001,'2017-05-31 18:30:00',2000000.00,1999000.00,0.00,1000.00,0.00,0.00,'admin',5000,NULL),(1003,1001,'2017-05-31 18:30:00',1999000.00,1998000.00,0.00,1000.00,0.00,0.00,'admin',5001,NULL),(1004,1001,'2017-06-01 18:30:00',1998000.00,1997000.00,0.00,1000.00,0.00,0.00,'admin',5002,NULL),(1005,1001,'2017-06-30 18:30:00',1997000.00,1996000.00,0.00,1000.00,0.00,0.00,'admin',5003,NULL),(1006,1001,'2017-06-30 18:30:00',1996000.00,1995000.00,0.00,1000.00,0.00,0.00,'admin',5004,NULL),(1007,1000,'2017-07-02 18:30:00',2000000.00,1999000.00,0.00,1000.00,0.00,0.00,'admin',5005,NULL),(1008,1001,'2017-08-02 18:30:00',1995000.00,1994900.00,0.00,100.00,0.00,0.00,'admin',5006,NULL),(1009,1002,'2016-03-01 18:29:59',0.00,25000.00,25000.00,0.00,0.00,0.00,'admin',NULL,NULL),(1010,1002,'2017-08-05 18:30:00',25000.00,24730.00,0.00,270.00,0.00,0.00,'admin',5007,NULL),(1011,1000,'2017-08-08 18:30:00',1999000.00,1997950.00,0.00,1050.00,0.00,0.00,'admin',5008,NULL),(1012,1000,'2017-08-09 18:30:00',1997950.00,1996750.00,0.00,1200.00,0.00,0.00,'admin',5009,NULL),(1013,1001,'2017-08-09 18:30:00',1994900.00,1993900.00,0.00,1000.00,0.00,0.00,'admin',5010,NULL),(1014,1001,'2017-07-10 18:30:00',1993900.00,1992850.00,0.00,1050.00,0.00,0.00,'admin',5011,NULL),(1015,1001,'2017-08-09 18:30:00',1992850.00,1991850.00,0.00,1000.00,0.00,0.00,'admin',5012,NULL),(1016,1001,'2017-08-11 18:30:00',1991850.00,1990850.00,0.00,1000.00,0.00,0.00,'admin',5013,NULL),(1017,1001,'2017-08-11 18:30:00',1990850.00,1989850.00,0.00,1000.00,0.00,0.00,'admin',5014,NULL),(1018,1001,'2017-08-12 18:30:00',1989850.00,1988850.00,0.00,1000.00,0.00,0.00,'admin',5015,NULL),(1019,1001,'2017-08-13 18:30:00',1988850.00,1987850.00,0.00,1000.00,0.00,0.00,'admin',5016,NULL),(1020,1001,'2017-08-13 18:30:00',1987850.00,1986850.00,0.00,1000.00,0.00,0.00,'admin',5017,NULL),(1021,1001,'2017-08-13 18:30:00',1986850.00,1985850.00,0.00,1000.00,0.00,0.00,'admin',5018,NULL),(1022,1001,'2017-08-16 18:30:00',1985850.00,1984850.00,0.00,1000.00,0.00,0.00,'admin',5019,NULL),(1023,1001,'2017-08-18 18:30:00',1984850.00,1983850.00,0.00,1000.00,0.00,0.00,'admin',5020,NULL),(1024,1001,'2017-08-18 18:30:00',1983850.00,1982850.00,0.00,1000.00,0.00,0.00,'admin',5021,NULL),(1025,1001,'2017-08-19 18:30:00',1982850.00,1981850.00,0.00,1000.00,0.00,0.00,'admin',5022,NULL),(1026,1001,'2017-08-19 18:30:00',1981850.00,1980850.00,0.00,1000.00,0.00,0.00,'admin',5023,NULL),(1027,1001,'2017-08-20 18:30:00',1980850.00,1979850.00,0.00,1000.00,0.00,0.00,'admin',5024,NULL),(1028,1001,'2017-08-20 18:30:00',1979850.00,1978850.00,0.00,1000.00,0.00,0.00,'admin',5025,NULL),(1029,1001,'2017-08-20 18:30:00',1978850.00,1977850.00,0.00,1000.00,0.00,0.00,'admin',5026,NULL),(1030,1001,'2017-08-21 18:30:00',1977850.00,1976850.00,0.00,1000.00,0.00,0.00,'admin',5027,NULL),(1031,1001,'2017-08-21 18:30:00',1976850.00,1975850.00,0.00,1000.00,0.00,0.00,'admin',5028,NULL),(1032,1001,'2017-08-22 18:30:00',1975850.00,1974850.00,0.00,1000.00,0.00,0.00,'admin',5029,NULL),(1033,1001,'2017-08-23 18:30:00',1974850.00,1973850.00,0.00,1000.00,0.00,0.00,'admin',5030,NULL),(1034,1001,'2017-08-23 18:30:00',1973850.00,1972850.00,0.00,1000.00,0.00,0.00,'admin',5031,NULL),(1035,1001,'2017-08-24 18:30:00',1972850.00,1971850.00,0.00,1000.00,0.00,0.00,'admin',5032,NULL),(1036,1001,'2017-08-24 18:30:00',1971850.00,1970850.00,0.00,1000.00,0.00,0.00,'admin',5033,NULL),(1037,1001,'2017-08-26 18:30:00',1970850.00,1969850.00,0.00,1000.00,0.00,0.00,'admin',5034,NULL),(1038,1001,'2017-08-26 18:30:00',1969850.00,1968850.00,0.00,1000.00,0.00,0.00,'admin',5035,NULL),(1039,1001,'2017-08-27 18:30:00',1968850.00,1967850.00,0.00,1000.00,0.00,0.00,'admin',5036,NULL),(1040,1001,'2017-08-27 18:30:00',1967850.00,1966850.00,0.00,1000.00,0.00,0.00,'admin',5037,NULL),(1041,1001,'2017-08-27 18:30:00',1966850.00,1965850.00,0.00,1000.00,0.00,0.00,'admin',5038,NULL),(1042,1001,'2017-08-28 18:30:00',1965850.00,1964850.00,0.00,1000.00,0.00,0.00,'admin',5039,NULL),(1043,1001,'2017-08-28 18:30:00',1964850.00,1963850.00,0.00,1000.00,0.00,0.00,'admin',5040,NULL),(1044,1001,'2017-08-30 18:30:00',1963850.00,1962850.00,0.00,1000.00,0.00,0.00,'admin',5041,NULL),(1045,1001,'2017-08-30 18:30:00',1962850.00,1961850.00,0.00,1000.00,0.00,0.00,'admin',5042,NULL),(1046,1001,'2017-08-30 18:30:00',1961850.00,1960750.00,0.00,1100.00,0.00,0.00,'admin',5043,NULL),(1047,1001,'2017-08-30 18:30:00',1960750.00,1959750.00,0.00,1000.00,0.00,0.00,'admin',5044,NULL),(1048,1001,'2017-08-30 18:30:00',1959750.00,1958600.00,0.00,1150.00,0.00,0.00,'admin',5045,NULL),(1049,1001,'2017-09-01 18:30:00',1958600.00,1957600.00,0.00,1000.00,0.00,0.00,'admin',5046,NULL),(1050,1001,'2017-09-03 18:30:00',1957600.00,1956600.00,0.00,1000.00,0.00,0.00,'admin',5047,NULL),(1051,1001,'2017-09-03 18:30:00',1956600.00,1955600.00,0.00,1000.00,0.00,0.00,'admin',5048,NULL),(1052,1001,'2017-09-04 18:30:00',1955600.00,1954600.00,0.00,1000.00,0.00,0.00,'admin',5049,NULL),(1053,1001,'2017-09-04 18:30:00',1954600.00,1953600.00,0.00,1000.00,0.00,0.00,'admin',5050,NULL),(1054,1001,'2017-09-04 18:30:00',1953600.00,1952600.00,0.00,1000.00,0.00,0.00,'admin',5051,NULL),(1055,1001,'2017-09-05 18:30:00',1952600.00,1951600.00,0.00,1000.00,0.00,0.00,'admin',5052,NULL),(1056,1001,'2017-09-05 18:30:00',1951600.00,1950600.00,0.00,1000.00,0.00,0.00,'admin',5053,NULL),(1057,1001,'2017-09-05 18:30:00',1950600.00,1948600.00,0.00,2000.00,0.00,0.00,'admin',5054,NULL),(1058,1001,'2017-09-05 18:30:00',1948600.00,1947600.00,0.00,1000.00,0.00,0.00,'admin',5055,NULL),(1059,1001,'2017-09-05 18:30:00',1947600.00,1946600.00,0.00,1000.00,0.00,0.00,'admin',5056,NULL),(1060,1001,'2017-09-05 18:30:00',1946600.00,1945600.00,0.00,1000.00,0.00,0.00,'admin',5057,NULL),(1061,1001,'2017-09-07 18:30:00',1945600.00,1944600.00,0.00,1000.00,0.00,0.00,'admin',5058,NULL),(1062,1001,'2017-09-07 18:30:00',1944600.00,1943600.00,0.00,1000.00,0.00,0.00,'admin',5059,NULL),(1063,1001,'2017-09-07 18:30:00',1943600.00,1942600.00,0.00,1000.00,0.00,0.00,'admin',5060,NULL),(1064,1001,'2017-09-07 18:30:00',1942600.00,1940600.00,0.00,2000.00,0.00,0.00,'admin',5061,NULL),(1065,1001,'2017-09-08 18:30:00',1940600.00,1939600.00,0.00,1000.00,0.00,0.00,'admin',5062,NULL),(1066,1001,'2017-09-08 18:30:00',1939600.00,1938600.00,0.00,1000.00,0.00,0.00,'admin',5063,NULL),(1067,1001,'2017-09-08 18:30:00',1938600.00,1937600.00,0.00,1000.00,0.00,0.00,'admin',5064,NULL),(1068,1001,'2017-09-09 18:30:00',1937600.00,1936600.00,0.00,1000.00,0.00,0.00,'admin',5065,NULL),(1069,1001,'2017-09-09 18:30:00',1936600.00,1935550.00,0.00,1050.00,0.00,0.00,'admin',5066,NULL),(1070,1001,'2017-09-10 18:30:00',1935550.00,1934550.00,0.00,1000.00,0.00,0.00,'admin',5067,NULL),(1071,1001,'2017-09-11 18:30:00',1934550.00,1933550.00,0.00,1000.00,0.00,0.00,'admin',5068,NULL),(1072,1001,'2017-09-11 18:30:00',1933550.00,1932550.00,0.00,1000.00,0.00,0.00,'admin',5069,NULL),(1073,1001,'2017-09-12 18:30:00',1932550.00,1931550.00,0.00,1000.00,0.00,0.00,'admin',5070,NULL),(1074,1001,'2017-09-12 18:30:00',1931550.00,1930950.00,0.00,600.00,0.00,0.00,'admin',5071,NULL),(1075,1001,'2017-09-15 18:30:00',1930950.00,1929950.00,0.00,1000.00,0.00,0.00,'admin',5072,NULL),(1076,1001,'2017-09-17 18:30:00',1929950.00,1928950.00,0.00,1000.00,0.00,0.00,'admin',5073,NULL),(1077,1001,'2017-09-17 18:30:00',1928950.00,1927950.00,0.00,1000.00,0.00,0.00,'admin',5074,NULL),(1078,1001,'2017-09-17 18:30:00',1927950.00,1926950.00,0.00,1000.00,0.00,0.00,'admin',5075,NULL),(1079,1001,'2017-10-08 18:30:00',1926950.00,1926300.00,0.00,650.00,0.00,0.00,'admin',5076,NULL),(1080,1001,'2017-10-25 18:30:00',1926300.00,1925300.00,0.00,1000.00,0.00,0.00,'admin',5077,NULL),(1081,1001,'2017-10-25 18:30:00',1925300.00,1924300.00,0.00,1000.00,0.00,0.00,'admin',5078,NULL),(1082,1001,'2017-10-26 18:30:00',1924300.00,1923300.00,0.00,1000.00,0.00,0.00,'admin',5079,NULL),(1083,1001,'2017-10-27 18:30:00',1923300.00,1921300.00,0.00,2000.00,0.00,0.00,'admin',5080,NULL),(1084,1001,'2017-10-27 18:30:00',1921300.00,1920300.00,0.00,1000.00,0.00,0.00,'admin',5081,NULL),(1085,1001,'2017-10-28 18:30:00',1920300.00,1919300.00,0.00,1000.00,0.00,0.00,'admin',5082,NULL),(1086,1001,'2017-10-28 18:30:00',1919300.00,1918300.00,0.00,1000.00,0.00,0.00,'admin',5083,NULL),(1087,1001,'2017-10-28 18:30:00',1918300.00,1917300.00,0.00,1000.00,0.00,0.00,'admin',5084,NULL),(1088,1001,'2017-10-29 18:30:00',1917300.00,1916300.00,0.00,1000.00,0.00,0.00,'admin',5085,NULL),(1089,1001,'2017-10-29 18:30:00',1916300.00,1915300.00,0.00,1000.00,0.00,0.00,'admin',5086,NULL),(1090,1001,'2017-10-29 18:30:00',1915300.00,1914300.00,0.00,1000.00,0.00,0.00,'admin',5087,NULL),(1091,1001,'2017-10-29 18:30:00',1914300.00,1913300.00,0.00,1000.00,0.00,0.00,'admin',5088,NULL),(1092,1001,'2017-10-31 18:30:00',1913300.00,1912300.00,0.00,1000.00,0.00,0.00,'admin',5089,NULL),(1093,1001,'2017-11-01 18:30:00',1912300.00,1911300.00,0.00,1000.00,0.00,0.00,'admin',5090,NULL),(1094,1001,'2017-11-01 18:30:00',1911300.00,1910300.00,0.00,1000.00,0.00,0.00,'admin',5091,NULL),(1095,1001,'2017-11-02 18:30:00',1910300.00,1909300.00,0.00,1000.00,0.00,0.00,'admin',5092,NULL),(1096,1001,'2017-11-02 18:30:00',1909300.00,1908300.00,0.00,1000.00,0.00,0.00,'admin',5093,NULL),(1097,1001,'2017-11-02 18:30:00',1908300.00,1907300.00,0.00,1000.00,0.00,0.00,'admin',5094,NULL),(1098,1001,'2017-11-03 18:30:00',1907300.00,1906300.00,0.00,1000.00,0.00,0.00,'admin',5095,NULL),(1099,1001,'2017-11-04 18:30:00',1906300.00,1905300.00,0.00,1000.00,0.00,0.00,'admin',5096,NULL),(1100,1001,'2017-12-01 18:30:00',1905300.00,1904300.00,0.00,1000.00,0.00,0.00,'admin',5097,NULL),(1101,1001,'2017-12-02 18:30:00',1904300.00,1903300.00,0.00,1000.00,0.00,0.00,'admin',5098,NULL),(1102,1001,'2017-12-02 18:30:00',1903300.00,1902300.00,0.00,1000.00,0.00,0.00,'admin',5099,NULL),(1103,1001,'2017-12-04 18:30:00',1902300.00,1901300.00,0.00,1000.00,0.00,0.00,'admin',5100,NULL),(1104,1001,'2017-12-04 18:30:00',1901300.00,1900300.00,0.00,1000.00,0.00,0.00,'admin',5101,NULL),(1105,1001,'2017-12-04 18:30:00',1900300.00,1899300.00,0.00,1000.00,0.00,0.00,'admin',5102,NULL),(1106,1001,'2017-12-04 18:30:00',1899300.00,1898300.00,0.00,1000.00,0.00,0.00,'admin',5103,NULL),(1107,1001,'2017-12-04 18:30:00',1898300.00,1897300.00,0.00,1000.00,0.00,0.00,'admin',5104,NULL),(1108,1001,'2017-12-04 18:30:00',1897300.00,1896300.00,0.00,1000.00,0.00,0.00,'admin',5105,NULL),(1109,1001,'2017-12-05 18:30:00',1896300.00,1895300.00,0.00,1000.00,0.00,0.00,'admin',5106,NULL),(1110,1001,'2017-12-05 18:30:00',1895300.00,1894300.00,0.00,1000.00,0.00,0.00,'admin',5107,NULL),(1111,1001,'2017-12-05 18:30:00',1894300.00,1894100.00,0.00,200.00,0.00,0.00,'admin',5108,NULL),(1112,1001,'2017-12-05 18:30:00',1894100.00,1893100.00,0.00,1000.00,0.00,0.00,'admin',5109,NULL),(1113,1001,'2017-12-06 18:30:00',1893100.00,1892100.00,0.00,1000.00,0.00,0.00,'admin',5110,NULL),(1114,1001,'2017-12-06 18:30:00',1892100.00,1891100.00,0.00,1000.00,0.00,0.00,'admin',5111,NULL),(1115,1001,'2017-12-06 18:30:00',1891100.00,1890100.00,0.00,1000.00,0.00,0.00,'admin',5112,NULL),(1116,1001,'2017-12-06 18:30:00',1890100.00,1889100.00,0.00,1000.00,0.00,0.00,'admin',5113,NULL),(1117,1001,'2017-12-06 18:30:00',1889100.00,1888100.00,0.00,1000.00,0.00,0.00,'admin',5114,NULL),(1118,1001,'2017-12-06 18:30:00',1888100.00,1887100.00,0.00,1000.00,0.00,0.00,'admin',5115,NULL),(1119,1001,'2017-12-06 18:30:00',1887100.00,1886600.00,0.00,500.00,0.00,0.00,'admin',5116,NULL),(1120,1001,'2017-12-06 18:30:00',1886600.00,1886400.00,0.00,200.00,0.00,0.00,'admin',5117,NULL),(1121,1001,'2017-12-08 18:30:00',1886400.00,1885400.00,0.00,1000.00,0.00,0.00,'admin',5118,NULL),(1122,1001,'2017-12-08 18:30:00',1885400.00,1884400.00,0.00,1000.00,0.00,0.00,'admin',5119,NULL),(1123,1001,'2017-12-08 18:30:00',1884400.00,1883400.00,0.00,1000.00,0.00,0.00,'admin',5120,NULL),(1124,1001,'2017-12-09 18:30:00',1883400.00,1882400.00,0.00,1000.00,0.00,0.00,'admin',5121,NULL),(1125,1001,'2017-12-09 18:30:00',1882400.00,1881400.00,0.00,1000.00,0.00,0.00,'admin',5122,NULL),(1126,1001,'2017-12-11 18:30:00',1881400.00,1880400.00,0.00,1000.00,0.00,0.00,'admin',5123,NULL),(1127,1001,'2017-12-11 18:30:00',1880400.00,1879400.00,0.00,1000.00,0.00,0.00,'admin',5124,NULL),(1128,1001,'2017-12-11 18:30:00',1879400.00,1878400.00,0.00,1000.00,0.00,0.00,'admin',5125,NULL),(1129,1001,'2017-12-12 18:30:00',1878400.00,1877400.00,0.00,1000.00,0.00,0.00,'admin',5126,NULL),(1130,1001,'2017-12-12 18:30:00',1877400.00,1876400.00,0.00,1000.00,0.00,0.00,'admin',5127,NULL),(1131,1001,'2017-12-12 18:30:00',1876400.00,1875400.00,0.00,1000.00,0.00,0.00,'admin',5128,NULL),(1132,1001,'2017-12-13 18:30:00',1875400.00,1874400.00,0.00,1000.00,0.00,0.00,'admin',5129,NULL),(1133,1001,'2017-12-13 18:30:00',1874400.00,1873400.00,0.00,1000.00,0.00,0.00,'admin',5130,NULL),(1134,1001,'2017-12-14 18:30:00',1873400.00,1872400.00,0.00,1000.00,0.00,0.00,'admin',5131,NULL),(1135,1001,'2017-12-14 18:30:00',1872400.00,1871400.00,0.00,1000.00,0.00,0.00,'admin',5132,NULL),(1136,1001,'2017-12-15 18:30:00',1871400.00,1870400.00,0.00,1000.00,0.00,0.00,'admin',5133,NULL),(1137,1001,'2017-12-16 18:30:00',1870400.00,1869400.00,0.00,1000.00,0.00,0.00,'admin',5134,NULL),(1138,1001,'2017-12-20 18:30:00',1869400.00,1868440.00,0.00,960.00,0.00,0.00,'admin',5135,NULL),(1139,1001,'2017-12-26 18:30:00',1868440.00,1867440.00,0.00,1000.00,0.00,0.00,'admin',5136,NULL),(1140,1001,'2017-12-26 18:30:00',1867440.00,1866440.00,0.00,1000.00,0.00,0.00,'admin',5137,NULL),(1141,1001,'2017-12-26 18:30:00',1866440.00,1865440.00,0.00,1000.00,0.00,0.00,'admin',5138,NULL),(1142,1001,'2017-12-26 18:30:00',1865440.00,1864440.00,0.00,1000.00,0.00,0.00,'admin',5139,NULL),(1143,1001,'2017-12-27 18:30:00',1864440.00,1863440.00,0.00,1000.00,0.00,0.00,'admin',5140,NULL),(1144,1001,'2017-12-27 18:30:00',1863440.00,1862440.00,0.00,1000.00,0.00,0.00,'admin',5141,NULL),(1145,1001,'2017-12-27 18:30:00',1862440.00,1861440.00,0.00,1000.00,0.00,0.00,'admin',5142,NULL),(1146,1001,'2017-12-27 18:30:00',1861440.00,1860440.00,0.00,1000.00,0.00,0.00,'admin',5143,NULL),(1147,1001,'2017-12-27 18:30:00',1860440.00,1859440.00,0.00,1000.00,0.00,0.00,'admin',5144,NULL),(1148,1001,'2017-12-27 18:30:00',1859440.00,1858440.00,0.00,1000.00,0.00,0.00,'admin',5145,NULL),(1149,1001,'2017-12-27 18:30:00',1858440.00,1857440.00,0.00,1000.00,0.00,0.00,'admin',5146,NULL),(1150,1001,'2017-12-27 18:30:00',1857440.00,1856440.00,0.00,1000.00,0.00,0.00,'admin',5147,NULL),(1151,1001,'2017-12-28 18:30:00',1856440.00,1855440.00,0.00,1000.00,0.00,0.00,'admin',5148,NULL),(1152,1001,'2017-12-28 18:30:00',1855440.00,1854440.00,0.00,1000.00,0.00,0.00,'admin',5149,NULL),(1153,1001,'2017-12-29 18:30:00',1854440.00,1853440.00,0.00,1000.00,0.00,0.00,'admin',5150,NULL),(1154,1001,'2017-12-29 18:30:00',1853440.00,1852440.00,0.00,1000.00,0.00,0.00,'admin',5151,NULL),(1155,1001,'2017-12-29 18:30:00',1852440.00,1851440.00,0.00,1000.00,0.00,0.00,'admin',5152,NULL),(1156,1001,'2017-12-29 18:30:00',1851440.00,1850440.00,0.00,1000.00,0.00,0.00,'admin',5153,NULL),(1157,1001,'2017-12-30 18:30:00',1850440.00,1849440.00,0.00,1000.00,0.00,0.00,'admin',5154,NULL),(1158,1001,'2017-12-30 18:30:00',1849440.00,1848440.00,0.00,1000.00,0.00,0.00,'admin',5155,NULL),(1159,1001,'2017-12-30 18:30:00',1848440.00,1847440.00,0.00,1000.00,0.00,0.00,'admin',5156,NULL),(1160,1001,'2017-12-30 18:30:00',1847440.00,1846440.00,0.00,1000.00,0.00,0.00,'admin',5157,NULL),(1161,1002,'2017-09-09 18:30:00',24730.00,24460.00,0.00,270.00,0.00,0.00,'admin',5158,NULL),(1162,1002,'2017-09-10 18:30:00',24460.00,24190.00,0.00,270.00,0.00,0.00,'admin',5159,NULL),(1163,1002,'2017-09-12 18:30:00',24190.00,23920.00,0.00,270.00,0.00,0.00,'admin',5160,NULL),(1164,1002,'2017-09-12 18:30:00',23920.00,23650.00,0.00,270.00,0.00,0.00,'admin',5161,NULL),(1165,1002,'2017-10-08 18:30:00',23650.00,23550.00,0.00,100.00,0.00,0.00,'admin',5162,NULL),(1166,1002,'2017-10-13 18:30:00',23550.00,23280.00,0.00,270.00,0.00,0.00,'admin',5163,NULL),(1167,1002,'2017-10-16 18:30:00',23280.00,22980.00,0.00,300.00,0.00,0.00,'admin',5164,NULL),(1168,1002,'2017-10-17 18:30:00',22980.00,22680.00,0.00,300.00,0.00,0.00,'admin',5165,NULL),(1169,1002,'2017-10-22 18:30:00',22680.00,22430.00,0.00,250.00,0.00,0.00,'admin',5166,NULL),(1170,1002,'2017-10-23 18:30:00',22430.00,22180.00,0.00,250.00,0.00,0.00,'admin',5167,NULL),(1171,1002,'2017-10-26 18:30:00',22180.00,21880.00,0.00,300.00,0.00,0.00,'admin',5168,NULL),(1172,1002,'2017-10-28 18:30:00',21880.00,21610.00,0.00,270.00,0.00,0.00,'admin',5169,NULL),(1173,1002,'2017-10-29 18:30:00',21610.00,21350.00,0.00,260.00,0.00,0.00,'admin',5170,NULL),(1174,1000,'2017-08-03 18:30:00',1996750.00,1995550.00,0.00,1200.00,0.00,0.00,'admin',5171,NULL),(1175,1000,'2017-08-03 18:30:00',1995550.00,1994350.00,0.00,1200.00,0.00,0.00,'admin',5172,NULL),(1176,1000,'2017-08-10 18:30:00',1994350.00,1993150.00,0.00,1200.00,0.00,0.00,'admin',5173,NULL),(1177,1000,'2017-08-19 18:30:00',1993150.00,1991950.00,0.00,1200.00,0.00,0.00,'admin',5174,NULL),(1178,1000,'2017-08-19 18:30:00',1991950.00,1990850.00,0.00,1100.00,0.00,0.00,'admin',5175,NULL),(1179,1000,'2017-08-20 18:30:00',1990850.00,1989750.00,0.00,1100.00,0.00,0.00,'admin',5176,NULL),(1180,1000,'2017-08-20 18:30:00',1989750.00,1988650.00,0.00,1100.00,0.00,0.00,'admin',5177,NULL),(1181,1000,'2017-08-20 18:30:00',1988650.00,1987550.00,0.00,1100.00,0.00,0.00,'admin',5178,NULL),(1182,1000,'2017-08-21 18:30:00',1987550.00,1986450.00,0.00,1100.00,0.00,0.00,'admin',5179,NULL),(1183,1000,'2017-08-21 18:30:00',1986450.00,1985350.00,0.00,1100.00,0.00,0.00,'admin',5180,NULL),(1184,1000,'2017-08-22 18:30:00',1985350.00,1984250.00,0.00,1100.00,0.00,0.00,'admin',5181,NULL),(1185,1000,'2017-08-22 18:30:00',1984250.00,1983150.00,0.00,1100.00,0.00,0.00,'admin',5182,NULL),(1186,1000,'2017-08-22 18:30:00',1983150.00,1982050.00,0.00,1100.00,0.00,0.00,'admin',5183,NULL),(1187,1000,'2017-08-22 18:30:00',1982050.00,1980950.00,0.00,1100.00,0.00,0.00,'admin',5184,NULL),(1188,1000,'2017-08-23 18:30:00',1980950.00,1979850.00,0.00,1100.00,0.00,0.00,'admin',5185,NULL),(1189,1000,'2017-08-23 18:30:00',1979850.00,1978750.00,0.00,1100.00,0.00,0.00,'admin',5186,NULL),(1190,1000,'2017-08-23 18:30:00',1978750.00,1977650.00,0.00,1100.00,0.00,0.00,'admin',5187,NULL),(1191,1000,'2017-08-23 18:30:00',1977650.00,1976550.00,0.00,1100.00,0.00,0.00,'admin',5188,NULL),(1192,1000,'2017-08-24 18:30:00',1976550.00,1975450.00,0.00,1100.00,0.00,0.00,'admin',5189,NULL),(1193,1000,'2017-08-24 18:30:00',1975450.00,1974350.00,0.00,1100.00,0.00,0.00,'admin',5190,NULL),(1194,1000,'2017-08-24 18:30:00',1974350.00,1973250.00,0.00,1100.00,0.00,0.00,'admin',5191,NULL),(1195,1000,'2017-08-28 18:30:00',1973250.00,1972050.00,0.00,1200.00,0.00,0.00,'admin',5192,NULL),(1196,1000,'2017-08-28 18:30:00',1972050.00,1970950.00,0.00,1100.00,0.00,0.00,'admin',5193,NULL),(1197,1000,'2017-08-28 18:30:00',1970950.00,1969750.00,0.00,1200.00,0.00,0.00,'admin',5194,NULL),(1198,1000,'2017-08-29 18:30:00',1969750.00,1968650.00,0.00,1100.00,0.00,0.00,'admin',5195,NULL),(1199,1000,'2017-08-29 18:30:00',1968650.00,1967550.00,0.00,1100.00,0.00,0.00,'admin',5196,NULL),(1200,1000,'2017-08-30 18:30:00',1967550.00,1966350.00,0.00,1200.00,0.00,0.00,'admin',5197,NULL),(1201,1000,'2017-08-31 18:30:00',1966350.00,1965250.00,0.00,1100.00,0.00,0.00,'admin',5198,NULL),(1202,1000,'2017-08-31 18:30:00',1965250.00,1964150.00,0.00,1100.00,0.00,0.00,'admin',5199,NULL),(1203,1000,'2017-08-31 18:30:00',1964150.00,1963050.00,0.00,1100.00,0.00,0.00,'admin',5200,NULL),(1204,1000,'2017-08-31 18:30:00',1963050.00,1961950.00,0.00,1100.00,0.00,0.00,'admin',5201,NULL),(1205,1000,'2017-09-01 18:30:00',1961950.00,1960850.00,0.00,1100.00,0.00,0.00,'admin',5202,NULL),(1206,1000,'2017-09-01 18:30:00',1960850.00,1959850.00,0.00,1000.00,0.00,0.00,'admin',5203,NULL),(1207,1000,'2017-09-02 18:30:00',1959850.00,1958750.00,0.00,1100.00,0.00,0.00,'admin',5204,NULL),(1208,1000,'2017-09-02 18:30:00',1958750.00,1957650.00,0.00,1100.00,0.00,0.00,'admin',5205,NULL),(1209,1000,'2017-09-02 18:30:00',1957650.00,1956550.00,0.00,1100.00,0.00,0.00,'admin',5206,NULL),(1210,1000,'2017-09-02 18:30:00',1956550.00,1955450.00,0.00,1100.00,0.00,0.00,'admin',5207,NULL),(1211,1000,'2017-09-02 18:30:00',1955450.00,1954350.00,0.00,1100.00,0.00,0.00,'admin',5208,NULL),(1212,1000,'2017-09-04 18:30:00',1954350.00,1953250.00,0.00,1100.00,0.00,0.00,'admin',5209,NULL),(1213,1000,'2017-09-08 18:30:00',1953250.00,1952150.00,0.00,1100.00,0.00,0.00,'admin',5210,NULL),(1214,1000,'2017-09-08 18:30:00',1952150.00,1951050.00,0.00,1100.00,0.00,0.00,'admin',5211,NULL),(1215,1000,'2017-09-09 18:30:00',1951050.00,1949850.00,0.00,1200.00,0.00,0.00,'admin',5212,NULL),(1216,1000,'2017-09-09 18:30:00',1949850.00,1948750.00,0.00,1100.00,0.00,0.00,'admin',5213,NULL),(1217,1000,'2017-09-09 18:30:00',1948750.00,1947650.00,0.00,1100.00,0.00,0.00,'admin',5214,NULL),(1218,1000,'2017-09-09 18:30:00',1947650.00,1946650.00,0.00,1000.00,0.00,0.00,'admin',5215,NULL),(1219,1000,'2017-09-09 18:30:00',1946650.00,1945550.00,0.00,1100.00,0.00,0.00,'admin',5216,NULL),(1220,1000,'2017-09-10 18:30:00',1945550.00,1944350.00,0.00,1200.00,0.00,0.00,'admin',5217,NULL),(1221,1000,'2017-09-10 18:30:00',1944350.00,1943250.00,0.00,1100.00,0.00,0.00,'admin',5218,NULL),(1222,1000,'2017-09-10 18:30:00',1943250.00,1942150.00,0.00,1100.00,0.00,0.00,'admin',5219,NULL),(1223,1000,'2017-09-11 18:30:00',1942150.00,1940950.00,0.00,1200.00,0.00,0.00,'admin',5220,NULL),(1224,1000,'2017-09-11 18:30:00',1940950.00,1939850.00,0.00,1100.00,0.00,0.00,'admin',5221,NULL),(1225,1000,'2017-09-11 18:30:00',1939850.00,1938750.00,0.00,1100.00,0.00,0.00,'admin',5222,NULL),(1226,1000,'2017-09-11 18:30:00',1938750.00,1937650.00,0.00,1100.00,0.00,0.00,'admin',5223,NULL),(1227,1000,'2017-09-12 18:30:00',1937650.00,1936550.00,0.00,1100.00,0.00,0.00,'admin',5224,NULL),(1228,1000,'2017-09-12 18:30:00',1936550.00,1935450.00,0.00,1100.00,0.00,0.00,'admin',5225,NULL),(1229,1000,'2017-09-13 18:30:00',1935450.00,1934250.00,0.00,1200.00,0.00,0.00,'admin',5226,NULL),(1230,1000,'2017-09-13 18:30:00',1934250.00,1933150.00,0.00,1100.00,0.00,0.00,'admin',5227,NULL),(1231,1000,'2017-09-13 18:30:00',1933150.00,1932050.00,0.00,1100.00,0.00,0.00,'admin',5228,NULL),(1232,1000,'2017-09-13 18:30:00',1932050.00,1930950.00,0.00,1100.00,0.00,0.00,'admin',5229,NULL),(1233,1000,'2017-09-13 18:30:00',1930950.00,1929850.00,0.00,1100.00,0.00,0.00,'admin',5230,NULL),(1234,1000,'2017-09-13 18:30:00',1929850.00,1928750.00,0.00,1100.00,0.00,0.00,'admin',5231,NULL),(1235,1000,'2017-09-14 18:30:00',1928750.00,1927650.00,0.00,1100.00,0.00,0.00,'admin',5232,NULL),(1236,1000,'2017-09-14 18:30:00',1927650.00,1926550.00,0.00,1100.00,0.00,0.00,'admin',5233,NULL),(1237,1000,'2017-09-14 18:30:00',1926550.00,1925450.00,0.00,1100.00,0.00,0.00,'admin',5234,NULL),(1238,1000,'2017-09-14 18:30:00',1925450.00,1924350.00,0.00,1100.00,0.00,0.00,'admin',5235,NULL),(1239,1000,'2017-09-15 18:30:00',1924350.00,1923150.00,0.00,1200.00,0.00,0.00,'admin',5236,NULL),(1240,1000,'2017-09-15 18:30:00',1923150.00,1922050.00,0.00,1100.00,0.00,0.00,'admin',5237,NULL),(1241,1000,'2017-09-15 18:30:00',1922050.00,1920950.00,0.00,1100.00,0.00,0.00,'admin',5238,NULL),(1242,1000,'2017-09-15 18:30:00',1920950.00,1919850.00,0.00,1100.00,0.00,0.00,'admin',5239,NULL),(1243,1000,'2017-09-15 18:30:00',1919850.00,1918750.00,0.00,1100.00,0.00,0.00,'admin',5240,NULL),(1244,1000,'2017-09-19 18:30:00',1918750.00,1917650.00,0.00,1100.00,0.00,0.00,'admin',5241,NULL),(1245,1000,'2017-09-19 18:30:00',1917650.00,1916550.00,0.00,1100.00,0.00,0.00,'admin',5242,NULL),(1246,1000,'2017-09-19 18:30:00',1916550.00,1915450.00,0.00,1100.00,0.00,0.00,'admin',5243,NULL),(1247,1000,'2017-09-19 18:30:00',1915450.00,1914350.00,0.00,1100.00,0.00,0.00,'admin',5244,NULL),(1248,1000,'2017-09-20 18:30:00',1914350.00,1913250.00,0.00,1100.00,0.00,0.00,'admin',5245,NULL),(1249,1000,'2017-09-20 18:30:00',1913250.00,1912150.00,0.00,1100.00,0.00,0.00,'admin',5246,NULL),(1250,1000,'2017-09-20 18:30:00',1912150.00,1911050.00,0.00,1100.00,0.00,0.00,'admin',5247,NULL),(1251,1000,'2017-09-20 18:30:00',1911050.00,1909950.00,0.00,1100.00,0.00,0.00,'admin',5248,NULL),(1252,1000,'2017-09-20 18:30:00',1909950.00,1907750.00,0.00,2200.00,0.00,0.00,'admin',5249,NULL),(1253,1000,'2017-09-21 18:30:00',1907750.00,1906650.00,0.00,1100.00,0.00,0.00,'admin',5250,NULL),(1254,1000,'2017-09-21 18:30:00',1906650.00,1905550.00,0.00,1100.00,0.00,0.00,'admin',5251,NULL),(1255,1000,'2017-09-21 18:30:00',1905550.00,1904450.00,0.00,1100.00,0.00,0.00,'admin',5252,NULL),(1256,1000,'2017-09-21 18:30:00',1904450.00,1903350.00,0.00,1100.00,0.00,0.00,'admin',5253,NULL),(1257,1000,'2017-09-21 18:30:00',1903350.00,1902150.00,0.00,1200.00,0.00,0.00,'admin',5254,NULL),(1258,1000,'2017-09-22 18:30:00',1902150.00,1901050.00,0.00,1100.00,0.00,0.00,'admin',5255,NULL),(1259,1000,'2017-09-22 18:30:00',1901050.00,1899950.00,0.00,1100.00,0.00,0.00,'admin',5256,NULL),(1260,1000,'2017-09-22 18:30:00',1899950.00,1898750.00,0.00,1200.00,0.00,0.00,'admin',5257,NULL),(1261,1000,'2017-09-22 18:30:00',1898750.00,1897550.00,0.00,1200.00,0.00,0.00,'admin',5258,NULL),(1262,1000,'2017-09-23 18:30:00',1897550.00,1896450.00,0.00,1100.00,0.00,0.00,'admin',5259,NULL),(1263,1000,'2017-09-23 18:30:00',1896450.00,1895350.00,0.00,1100.00,0.00,0.00,'admin',5260,NULL),(1264,1000,'2017-09-26 18:30:00',1895350.00,1894250.00,0.00,1100.00,0.00,0.00,'admin',5261,NULL),(1265,1000,'2017-09-26 18:30:00',1894250.00,1893150.00,0.00,1100.00,0.00,0.00,'admin',5262,NULL),(1266,1000,'2017-09-26 18:30:00',1893150.00,1892050.00,0.00,1100.00,0.00,0.00,'admin',5263,NULL),(1267,1000,'2017-09-27 18:30:00',1892050.00,1890950.00,0.00,1100.00,0.00,0.00,'admin',5264,NULL),(1268,1000,'2017-09-27 18:30:00',1890950.00,1889850.00,0.00,1100.00,0.00,0.00,'admin',5265,NULL),(1269,1000,'2017-09-27 18:30:00',1889850.00,1888750.00,0.00,1100.00,0.00,0.00,'admin',5266,NULL),(1270,1000,'2017-09-28 18:30:00',1888750.00,1887650.00,0.00,1100.00,0.00,0.00,'admin',5267,NULL),(1271,1000,'2017-09-28 18:30:00',1887650.00,1886550.00,0.00,1100.00,0.00,0.00,'admin',5268,NULL),(1272,1000,'2017-09-29 18:30:00',1886550.00,1885450.00,0.00,1100.00,0.00,0.00,'admin',5269,NULL),(1273,1000,'2017-09-29 18:30:00',1885450.00,1884350.00,0.00,1100.00,0.00,0.00,'admin',5270,NULL),(1274,1000,'2017-09-30 18:30:00',1884350.00,1883250.00,0.00,1100.00,0.00,0.00,'admin',5271,NULL),(1275,1000,'2017-09-30 18:30:00',1883250.00,1882150.00,0.00,1100.00,0.00,0.00,'admin',5272,NULL),(1276,1000,'2017-10-01 18:30:00',1882150.00,1881150.00,0.00,1000.00,0.00,0.00,'admin',5273,NULL),(1277,1000,'2017-10-01 18:30:00',1881150.00,1879950.00,0.00,1200.00,0.00,0.00,'admin',5274,NULL),(1278,1000,'2017-10-02 18:30:00',1879950.00,1878850.00,0.00,1100.00,0.00,0.00,'admin',5275,NULL),(1279,1000,'2017-10-02 18:30:00',1878850.00,1877750.00,0.00,1100.00,0.00,0.00,'admin',5276,NULL),(1280,1000,'2017-10-02 18:30:00',1877750.00,1876650.00,0.00,1100.00,0.00,0.00,'admin',5277,NULL),(1281,1000,'2017-10-02 18:30:00',1876650.00,1875550.00,0.00,1100.00,0.00,0.00,'admin',5278,NULL),(1282,1000,'2017-10-03 18:30:00',1875550.00,1874450.00,0.00,1100.00,0.00,0.00,'admin',5279,NULL),(1283,1000,'2017-10-03 18:30:00',1874450.00,1873350.00,0.00,1100.00,0.00,0.00,'admin',5280,NULL),(1284,1000,'2017-10-03 18:30:00',1873350.00,1872250.00,0.00,1100.00,0.00,0.00,'admin',5281,NULL),(1285,1000,'2017-10-06 18:30:00',1872250.00,1871150.00,0.00,1100.00,0.00,0.00,'admin',5282,NULL),(1286,1000,'2017-10-08 18:30:00',1871150.00,1870150.00,0.00,1000.00,0.00,0.00,'admin',5283,NULL),(1287,1000,'2017-10-08 18:30:00',1870150.00,1869700.00,0.00,450.00,0.00,0.00,'admin',5284,NULL),(1288,1000,'2017-10-09 18:30:00',1869700.00,1868500.00,0.00,1200.00,0.00,0.00,'admin',5285,NULL),(1289,1000,'2017-10-10 18:30:00',1868500.00,1867400.00,0.00,1100.00,0.00,0.00,'admin',5286,NULL),(1290,1000,'2017-10-10 18:30:00',1867400.00,1866300.00,0.00,1100.00,0.00,0.00,'admin',5287,NULL),(1291,1000,'2017-10-10 18:30:00',1866300.00,1865200.00,0.00,1100.00,0.00,0.00,'admin',5288,NULL),(1292,1000,'2017-10-10 18:30:00',1865200.00,1864100.00,0.00,1100.00,0.00,0.00,'admin',5289,NULL),(1293,1000,'2017-10-10 18:30:00',1864100.00,1863100.00,0.00,1000.00,0.00,0.00,'admin',5290,NULL),(1294,1000,'2017-10-10 18:30:00',1863100.00,1861900.00,0.00,1200.00,0.00,0.00,'admin',5291,NULL),(1295,1000,'2017-10-10 18:30:00',1861900.00,1860700.00,0.00,1200.00,0.00,0.00,'admin',5292,NULL),(1296,1000,'2017-10-11 18:30:00',1860700.00,1859600.00,0.00,1100.00,0.00,0.00,'admin',5293,NULL),(1297,1000,'2017-10-11 18:30:00',1859600.00,1858500.00,0.00,1100.00,0.00,0.00,'admin',5294,NULL),(1298,1000,'2017-10-11 18:30:00',1858500.00,1857400.00,0.00,1100.00,0.00,0.00,'admin',5295,NULL),(1299,1000,'2017-10-11 18:30:00',1857400.00,1856300.00,0.00,1100.00,0.00,0.00,'admin',5296,NULL),(1300,1000,'2017-10-12 18:30:00',1856300.00,1855200.00,0.00,1100.00,0.00,0.00,'admin',5297,NULL),(1301,1000,'2017-10-11 18:30:00',1855200.00,1854100.00,0.00,1100.00,0.00,0.00,'admin',5298,NULL),(1302,1000,'2017-10-11 18:30:00',1854100.00,1853000.00,0.00,1100.00,0.00,0.00,'admin',5299,NULL),(1303,1000,'2017-10-12 18:30:00',1853000.00,1851900.00,0.00,1100.00,0.00,0.00,'admin',5300,NULL),(1304,1000,'2017-10-12 18:30:00',1851900.00,1850800.00,0.00,1100.00,0.00,0.00,'admin',5301,NULL),(1305,1000,'2017-10-12 18:30:00',1850800.00,1849800.00,0.00,1000.00,0.00,0.00,'admin',5302,NULL),(1306,1000,'2017-10-12 18:30:00',1849800.00,1848700.00,0.00,1100.00,0.00,0.00,'admin',5303,NULL),(1307,1000,'2017-10-13 18:30:00',1848700.00,1847600.00,0.00,1100.00,0.00,0.00,'admin',5304,NULL),(1308,1000,'2017-10-14 18:30:00',1847600.00,1846400.00,0.00,1200.00,0.00,0.00,'admin',5305,NULL),(1309,1000,'2017-10-14 18:30:00',1846400.00,1845300.00,0.00,1100.00,0.00,0.00,'admin',5306,NULL),(1310,1000,'2017-10-14 18:30:00',1845300.00,1844200.00,0.00,1100.00,0.00,0.00,'admin',5307,NULL),(1311,1000,'2017-10-14 18:30:00',1844200.00,1843200.00,0.00,1000.00,0.00,0.00,'admin',5308,NULL),(1312,1000,'2017-10-14 18:30:00',1843200.00,1842050.00,0.00,1150.00,0.00,0.00,'admin',5309,NULL),(1313,1000,'2017-10-15 18:30:00',1842050.00,1840950.00,0.00,1100.00,0.00,0.00,'admin',5310,NULL),(1314,1000,'2017-10-16 18:30:00',1840950.00,1839850.00,0.00,1100.00,0.00,0.00,'admin',5311,NULL),(1315,1000,'2017-10-16 18:30:00',1839850.00,1838750.00,0.00,1100.00,0.00,0.00,'admin',5312,NULL),(1316,1000,'2017-10-16 18:30:00',1838750.00,1837650.00,0.00,1100.00,0.00,0.00,'admin',5313,NULL),(1317,1000,'2017-10-17 18:30:00',1837650.00,1836550.00,0.00,1100.00,0.00,0.00,'admin',5314,NULL),(1318,1000,'2017-10-17 18:30:00',1836550.00,1835450.00,0.00,1100.00,0.00,0.00,'admin',5315,NULL),(1319,1000,'2017-10-17 18:30:00',1835450.00,1834350.00,0.00,1100.00,0.00,0.00,'admin',5316,NULL),(1320,1000,'2017-10-17 18:30:00',1834350.00,1833200.00,0.00,1150.00,0.00,0.00,'admin',5317,NULL),(1321,1000,'2017-10-17 18:30:00',1833200.00,1832000.00,0.00,1200.00,0.00,0.00,'admin',5318,NULL),(1322,1000,'2017-10-19 18:30:00',1832000.00,1831000.00,0.00,1000.00,0.00,0.00,'admin',5319,NULL),(1323,1000,'2017-10-19 18:30:00',1831000.00,1829900.00,0.00,1100.00,0.00,0.00,'admin',5320,NULL),(1324,1000,'2017-10-19 18:30:00',1829900.00,1828800.00,0.00,1100.00,0.00,0.00,'admin',5321,NULL),(1325,1000,'2017-10-19 18:30:00',1828800.00,1827700.00,0.00,1100.00,0.00,0.00,'admin',5322,NULL),(1326,1000,'2017-10-20 18:30:00',1827700.00,1826600.00,0.00,1100.00,0.00,0.00,'admin',5323,NULL),(1327,1000,'2017-10-20 18:30:00',1826600.00,1825500.00,0.00,1100.00,0.00,0.00,'admin',5324,NULL),(1328,1000,'2017-10-20 18:30:00',1825500.00,1824400.00,0.00,1100.00,0.00,0.00,'admin',5325,NULL),(1329,1000,'2017-10-20 18:30:00',1824400.00,1823300.00,0.00,1100.00,0.00,0.00,'admin',5326,NULL),(1330,1000,'2017-10-20 18:30:00',1823300.00,1822200.00,0.00,1100.00,0.00,0.00,'admin',5327,NULL),(1331,1000,'2017-10-21 18:30:00',1822200.00,1821100.00,0.00,1100.00,0.00,0.00,'admin',5328,NULL),(1332,1000,'2017-10-21 18:30:00',1821100.00,1820000.00,0.00,1100.00,0.00,0.00,'admin',5329,NULL),(1333,1000,'2017-10-21 18:30:00',1820000.00,1818900.00,0.00,1100.00,0.00,0.00,'admin',5330,NULL),(1334,1000,'2017-10-21 18:30:00',1818900.00,1817800.00,0.00,1100.00,0.00,0.00,'admin',5331,NULL),(1335,1000,'2017-10-22 18:30:00',1817800.00,1816700.00,0.00,1100.00,0.00,0.00,'admin',5332,NULL),(1336,1000,'2017-10-22 18:30:00',1816700.00,1815600.00,0.00,1100.00,0.00,0.00,'admin',5333,NULL),(1337,1000,'2017-10-22 18:30:00',1815600.00,1814500.00,0.00,1100.00,0.00,0.00,'admin',5334,NULL),(1338,1000,'2017-10-22 18:30:00',1814500.00,1813400.00,0.00,1100.00,0.00,0.00,'admin',5335,NULL),(1339,1000,'2017-10-22 18:30:00',1813400.00,1812300.00,0.00,1100.00,0.00,0.00,'admin',5336,NULL),(1340,1000,'2017-10-23 18:30:00',1812300.00,1811200.00,0.00,1100.00,0.00,0.00,'admin',5337,NULL),(1341,1000,'2017-10-23 18:30:00',1811200.00,1810050.00,0.00,1150.00,0.00,0.00,'admin',5338,NULL),(1342,1000,'2017-10-23 18:30:00',1810050.00,1808950.00,0.00,1100.00,0.00,0.00,'admin',5339,NULL),(1343,1000,'2017-10-24 18:30:00',1808950.00,1807850.00,0.00,1100.00,0.00,0.00,'admin',5340,NULL),(1344,1000,'2017-10-24 18:30:00',1807850.00,1806750.00,0.00,1100.00,0.00,0.00,'admin',5341,NULL),(1345,1000,'2017-10-24 18:30:00',1806750.00,1805650.00,0.00,1100.00,0.00,0.00,'admin',5342,NULL),(1346,1000,'2017-10-25 18:30:00',1805650.00,1804550.00,0.00,1100.00,0.00,0.00,'admin',5343,NULL),(1347,1000,'2017-10-25 18:30:00',1804550.00,1801250.00,0.00,3300.00,0.00,0.00,'admin',5344,NULL),(1348,1000,'2017-10-26 18:30:00',1801250.00,1800150.00,0.00,1100.00,0.00,0.00,'admin',5345,NULL),(1349,1000,'2017-10-30 18:30:00',1800150.00,1799050.00,0.00,1100.00,0.00,0.00,'admin',5346,NULL),(1350,1000,'2017-10-30 18:30:00',1799050.00,1797950.00,0.00,1100.00,0.00,0.00,'admin',5347,NULL),(1351,1000,'2017-10-30 18:30:00',1797950.00,1796950.00,0.00,1000.00,0.00,0.00,'admin',5348,NULL),(1352,1000,'2017-10-31 18:30:00',1796950.00,1795850.00,0.00,1100.00,0.00,0.00,'admin',5349,NULL),(1353,1000,'2017-10-31 18:30:00',1795850.00,1794750.00,0.00,1100.00,0.00,0.00,'admin',5350,NULL),(1354,1000,'2017-11-01 18:30:00',1794750.00,1793650.00,0.00,1100.00,0.00,0.00,'admin',5351,NULL),(1355,1000,'2017-11-01 18:30:00',1793650.00,1792650.00,0.00,1000.00,0.00,0.00,'admin',5352,NULL),(1356,1000,'2017-11-01 18:30:00',1792650.00,1791450.00,0.00,1200.00,0.00,0.00,'admin',5353,NULL),(1357,1000,'2017-11-02 18:30:00',1791450.00,1790350.00,0.00,1100.00,0.00,0.00,'admin',5354,NULL),(1358,1000,'2017-11-02 18:30:00',1790350.00,1789350.00,0.00,1000.00,0.00,0.00,'admin',5355,NULL),(1359,1000,'2017-11-02 18:30:00',1789350.00,1788250.00,0.00,1100.00,0.00,0.00,'admin',5356,NULL),(1360,1000,'2017-11-02 18:30:00',1788250.00,1786050.00,0.00,2200.00,0.00,0.00,'admin',5357,NULL),(1361,1000,'2017-11-03 18:30:00',1786050.00,1784850.00,0.00,1200.00,0.00,0.00,'admin',5358,NULL),(1362,1000,'2017-11-03 18:30:00',1784850.00,1783750.00,0.00,1100.00,0.00,0.00,'admin',5359,NULL),(1363,1000,'2017-11-03 18:30:00',1783750.00,1782650.00,0.00,1100.00,0.00,0.00,'admin',5360,NULL),(1364,1000,'2017-11-04 18:30:00',1782650.00,1780450.00,0.00,2200.00,0.00,0.00,'admin',5361,NULL),(1365,1000,'2017-11-05 18:30:00',1780450.00,1779250.00,0.00,1200.00,0.00,0.00,'admin',5362,NULL),(1366,1000,'2017-11-05 18:30:00',1779250.00,1778150.00,0.00,1100.00,0.00,0.00,'admin',5363,NULL),(1367,1000,'2017-11-06 18:30:00',1778150.00,1777050.00,0.00,1100.00,0.00,0.00,'admin',5364,NULL),(1368,1000,'2017-11-06 18:30:00',1777050.00,1775950.00,0.00,1100.00,0.00,0.00,'admin',5365,NULL),(1369,1000,'2017-11-06 18:30:00',1775950.00,1774750.00,0.00,1200.00,0.00,0.00,'admin',5366,NULL),(1370,1000,'2017-11-06 18:30:00',1774750.00,1773650.00,0.00,1100.00,0.00,0.00,'admin',5367,NULL),(1371,1000,'2017-11-08 18:30:00',1773650.00,1772550.00,0.00,1100.00,0.00,0.00,'admin',5368,NULL),(1372,1000,'2017-11-08 18:30:00',1772550.00,1771450.00,0.00,1100.00,0.00,0.00,'admin',5369,NULL),(1373,1000,'2017-11-08 18:30:00',1771450.00,1770350.00,0.00,1100.00,0.00,0.00,'admin',5370,NULL),(1374,1000,'2017-11-08 18:30:00',1770350.00,1769850.00,0.00,500.00,0.00,0.00,'admin',5371,NULL),(1375,1000,'2017-11-09 18:30:00',1769850.00,1768750.00,0.00,1100.00,0.00,0.00,'admin',5372,NULL),(1376,1000,'2017-11-09 18:30:00',1768750.00,1767650.00,0.00,1100.00,0.00,0.00,'admin',5373,NULL),(1377,1000,'2017-11-09 18:30:00',1767650.00,1766550.00,0.00,1100.00,0.00,0.00,'admin',5374,NULL),(1378,1000,'2017-11-10 18:30:00',1766550.00,1765450.00,0.00,1100.00,0.00,0.00,'admin',5375,NULL),(1379,1000,'2017-11-10 18:30:00',1765450.00,1764250.00,0.00,1200.00,0.00,0.00,'admin',5376,NULL),(1380,1000,'2017-11-10 18:30:00',1764250.00,1763150.00,0.00,1100.00,0.00,0.00,'admin',5377,NULL),(1381,1000,'2017-11-10 18:30:00',1763150.00,1760950.00,0.00,2200.00,0.00,0.00,'admin',5378,NULL),(1382,1000,'2017-11-10 18:30:00',1760950.00,1759850.00,0.00,1100.00,0.00,0.00,'admin',5379,NULL),(1383,1000,'2017-11-10 18:30:00',1759850.00,1758750.00,0.00,1100.00,0.00,0.00,'admin',5380,NULL),(1384,1000,'2017-11-11 18:30:00',1758750.00,1757650.00,0.00,1100.00,0.00,0.00,'admin',5381,NULL),(1385,1000,'2017-11-11 18:30:00',1757650.00,1756550.00,0.00,1100.00,0.00,0.00,'admin',5382,NULL),(1386,1000,'2017-11-11 18:30:00',1756550.00,1756250.00,0.00,300.00,0.00,0.00,'admin',5383,NULL),(1387,1000,'2017-11-12 18:30:00',1756250.00,1755150.00,0.00,1100.00,0.00,0.00,'admin',5384,NULL),(1388,1000,'2017-11-12 18:30:00',1755150.00,1754050.00,0.00,1100.00,0.00,0.00,'admin',5385,NULL),(1389,1000,'2017-11-12 18:30:00',1754050.00,1751850.00,0.00,2200.00,0.00,0.00,'admin',5386,NULL),(1390,1000,'2017-11-03 18:30:00',1751850.00,1750750.00,0.00,1100.00,0.00,0.00,'admin',5387,NULL),(1391,1000,'2017-11-13 18:30:00',1750750.00,1749650.00,0.00,1100.00,0.00,0.00,'admin',5388,NULL),(1392,1000,'2017-11-13 18:30:00',1749650.00,1748550.00,0.00,1100.00,0.00,0.00,'admin',5389,NULL),(1393,1000,'2017-11-13 18:30:00',1748550.00,1747450.00,0.00,1100.00,0.00,0.00,'admin',5390,NULL),(1394,1000,'2017-11-13 18:30:00',1747450.00,1746350.00,0.00,1100.00,0.00,0.00,'admin',5391,NULL),(1395,1000,'2017-11-14 18:30:00',1746350.00,1745250.00,0.00,1100.00,0.00,0.00,'admin',5392,NULL),(1396,1000,'2017-11-14 18:30:00',1745250.00,1745100.00,0.00,150.00,0.00,0.00,'admin',5393,NULL),(1397,1000,'2017-11-15 18:30:00',1745100.00,1744000.00,0.00,1100.00,0.00,0.00,'admin',5394,NULL),(1398,1000,'2017-11-15 18:30:00',1744000.00,1742900.00,0.00,1100.00,0.00,0.00,'admin',5395,NULL),(1399,1000,'2017-11-16 18:30:00',1742900.00,1741800.00,0.00,1100.00,0.00,0.00,'admin',5396,NULL),(1400,1000,'2017-11-16 18:30:00',1741800.00,1740700.00,0.00,1100.00,0.00,0.00,'admin',5397,NULL),(1401,1000,'2017-11-17 18:30:00',1740700.00,1739600.00,0.00,1100.00,0.00,0.00,'admin',5398,NULL),(1402,1000,'2017-11-17 18:30:00',1739600.00,1738500.00,0.00,1100.00,0.00,0.00,'admin',5399,NULL),(1403,1000,'2017-11-18 18:30:00',1738500.00,1737400.00,0.00,1100.00,0.00,0.00,'admin',5400,NULL),(1404,1000,'2017-11-18 18:30:00',1737400.00,1736300.00,0.00,1100.00,0.00,0.00,'admin',5401,NULL),(1405,1000,'2017-11-18 18:30:00',1736300.00,1735300.00,0.00,1000.00,0.00,0.00,'admin',5402,NULL),(1406,1000,'2017-11-19 18:30:00',1735300.00,1734200.00,0.00,1100.00,0.00,0.00,'admin',5403,NULL),(1407,1000,'2017-11-19 18:30:00',1734200.00,1733100.00,0.00,1100.00,0.00,0.00,'admin',5404,NULL),(1408,1000,'2017-11-19 18:30:00',1733100.00,1733000.00,0.00,100.00,0.00,0.00,'admin',5405,NULL),(1409,1000,'2017-11-19 18:30:00',1733000.00,1731900.00,0.00,1100.00,0.00,0.00,'admin',5406,NULL),(1410,1000,'2017-11-20 18:30:00',1731900.00,1730700.00,0.00,1200.00,0.00,0.00,'admin',5407,NULL),(1411,1000,'2017-11-20 18:30:00',1730700.00,1729600.00,0.00,1100.00,0.00,0.00,'admin',5408,NULL),(1412,1000,'2017-11-20 18:30:00',1729600.00,1728500.00,0.00,1100.00,0.00,0.00,'admin',5409,NULL),(1413,1000,'2017-11-20 18:30:00',1728500.00,1727400.00,0.00,1100.00,0.00,0.00,'admin',5410,NULL),(1414,1000,'2017-11-20 18:30:00',1727400.00,1726300.00,0.00,1100.00,0.00,0.00,'admin',5411,NULL),(1415,1000,'2017-11-21 18:30:00',1726300.00,1725200.00,0.00,1100.00,0.00,0.00,'admin',5412,NULL),(1416,1000,'2017-11-21 18:30:00',1725200.00,1724100.00,0.00,1100.00,0.00,0.00,'admin',5413,NULL),(1417,1000,'2017-11-21 18:30:00',1724100.00,1723000.00,0.00,1100.00,0.00,0.00,'admin',5414,NULL),(1418,1000,'2017-11-22 18:30:00',1723000.00,1721900.00,0.00,1100.00,0.00,0.00,'admin',5415,NULL),(1419,1000,'2017-11-25 18:30:00',1721900.00,1720900.00,0.00,1000.00,0.00,0.00,'admin',5416,NULL),(1420,1000,'2017-11-22 18:30:00',1720900.00,1720400.00,0.00,500.00,0.00,0.00,'admin',5417,NULL),(1421,1000,'2017-11-22 18:30:00',1720400.00,1719300.00,0.00,1100.00,0.00,0.00,'admin',5418,NULL),(1422,1000,'2017-11-22 18:30:00',1719300.00,1718200.00,0.00,1100.00,0.00,0.00,'admin',5419,NULL),(1423,1000,'2017-11-25 18:30:00',1718200.00,1717200.00,0.00,1000.00,0.00,0.00,'admin',5420,NULL),(1424,1000,'2017-11-26 18:30:00',1717200.00,1716200.00,0.00,1000.00,0.00,0.00,'admin',5421,NULL),(1425,1000,'2017-11-26 18:30:00',1716200.00,1714600.00,0.00,1600.00,0.00,0.00,'admin',5422,NULL),(1426,1000,'2017-11-26 18:30:00',1714600.00,1713500.00,0.00,1100.00,0.00,0.00,'admin',5423,NULL),(1427,1000,'2017-11-27 18:30:00',1713500.00,1712400.00,0.00,1100.00,0.00,0.00,'admin',5424,NULL),(1428,1000,'2017-11-27 18:30:00',1712400.00,1711200.00,0.00,1200.00,0.00,0.00,'admin',5425,NULL),(1429,1000,'2017-11-27 18:30:00',1711200.00,1710100.00,0.00,1100.00,0.00,0.00,'admin',5426,NULL),(1430,1000,'2017-11-27 18:30:00',1710100.00,1708900.00,0.00,1200.00,0.00,0.00,'admin',5427,NULL),(1431,1000,'2017-11-28 18:30:00',1708900.00,1707700.00,0.00,1200.00,0.00,0.00,'admin',5428,NULL),(1432,1000,'2017-11-28 18:30:00',1707700.00,1706500.00,0.00,1200.00,0.00,0.00,'admin',5429,NULL),(1433,1000,'2017-11-29 18:30:00',1706500.00,1705400.00,0.00,1100.00,0.00,0.00,'admin',5430,NULL),(1434,1000,'2017-11-29 18:30:00',1705400.00,1704300.00,0.00,1100.00,0.00,0.00,'admin',5431,NULL),(1435,1000,'2017-12-02 18:30:00',1704300.00,1703300.00,0.00,1000.00,0.00,0.00,'admin',5432,NULL),(1436,1000,'2017-12-05 18:30:00',1703300.00,1702800.00,0.00,500.00,0.00,0.00,'admin',5433,NULL),(1437,1000,'2017-12-09 18:30:00',1702800.00,1701700.00,0.00,1100.00,0.00,0.00,'admin',5434,NULL),(1438,1000,'2017-12-09 18:30:00',1701700.00,1700600.00,0.00,1100.00,0.00,0.00,'admin',5435,NULL),(1439,1000,'2017-12-10 18:30:00',1700600.00,1699500.00,0.00,1100.00,0.00,0.00,'admin',5436,NULL),(1440,1000,'2017-12-10 18:30:00',1699500.00,1698400.00,0.00,1100.00,0.00,0.00,'admin',5437,NULL),(1441,1000,'2017-12-10 18:30:00',1698400.00,1697300.00,0.00,1100.00,0.00,0.00,'admin',5438,NULL),(1442,1000,'2017-12-10 18:30:00',1697300.00,1696200.00,0.00,1100.00,0.00,0.00,'admin',5439,NULL),(1443,1000,'2017-12-11 18:30:00',1696200.00,1695100.00,0.00,1100.00,0.00,0.00,'admin',5440,NULL),(1444,1000,'2017-12-11 18:30:00',1695100.00,1694000.00,0.00,1100.00,0.00,0.00,'admin',5441,NULL),(1445,1000,'2017-12-11 18:30:00',1694000.00,1692900.00,0.00,1100.00,0.00,0.00,'admin',5442,NULL),(1446,1000,'2017-12-11 18:30:00',1692900.00,1691800.00,0.00,1100.00,0.00,0.00,'admin',5443,NULL),(1447,1000,'2017-12-13 18:30:00',1691800.00,1690700.00,0.00,1100.00,0.00,0.00,'admin',5444,NULL),(1448,1000,'2017-12-13 18:30:00',1690700.00,1689600.00,0.00,1100.00,0.00,0.00,'admin',5445,NULL),(1449,1000,'2017-12-13 18:30:00',1689600.00,1688500.00,0.00,1100.00,0.00,0.00,'admin',5446,NULL),(1450,1000,'2017-12-13 18:30:00',1688500.00,1687400.00,0.00,1100.00,0.00,0.00,'admin',5447,NULL),(1451,1000,'2017-12-13 18:30:00',1687400.00,1686300.00,0.00,1100.00,0.00,0.00,'admin',5448,NULL),(1452,1000,'2017-12-13 18:30:00',1686300.00,1685200.00,0.00,1100.00,0.00,0.00,'admin',5449,NULL),(1453,1000,'2017-12-13 18:30:00',1685200.00,1684100.00,0.00,1100.00,0.00,0.00,'admin',5450,NULL),(1454,1000,'2017-12-14 18:30:00',1684100.00,1683000.00,0.00,1100.00,0.00,0.00,'admin',5451,NULL),(1455,1000,'2017-12-14 18:30:00',1683000.00,1681900.00,0.00,1100.00,0.00,0.00,'admin',5452,NULL),(1456,1000,'2017-12-14 18:30:00',1681900.00,1680800.00,0.00,1100.00,0.00,0.00,'admin',5453,NULL),(1457,1000,'2017-12-15 18:30:00',1680800.00,1679600.00,0.00,1200.00,0.00,0.00,'admin',5454,NULL),(1458,1000,'2017-12-15 18:30:00',1679600.00,1678500.00,0.00,1100.00,0.00,0.00,'admin',5455,NULL),(1459,1000,'2017-12-15 18:30:00',1678500.00,1677400.00,0.00,1100.00,0.00,0.00,'admin',5456,NULL),(1460,1000,'2017-12-16 18:30:00',1677400.00,1676300.00,0.00,1100.00,0.00,0.00,'admin',5457,NULL),(1461,1000,'2017-12-16 18:30:00',1676300.00,1675200.00,0.00,1100.00,0.00,0.00,'admin',5458,NULL),(1462,1000,'2017-12-17 18:30:00',1675200.00,1674100.00,0.00,1100.00,0.00,0.00,'admin',5459,NULL),(1463,1000,'2017-12-17 18:30:00',1674100.00,1673000.00,0.00,1100.00,0.00,0.00,'admin',5460,NULL),(1464,1000,'2017-12-17 18:30:00',1673000.00,1671900.00,0.00,1100.00,0.00,0.00,'admin',5461,NULL),(1465,1000,'2017-12-18 18:30:00',1671900.00,1670800.00,0.00,1100.00,0.00,0.00,'admin',5462,NULL),(1466,1000,'2017-12-18 18:30:00',1670800.00,1669600.00,0.00,1200.00,0.00,0.00,'admin',5463,NULL),(1467,1000,'2017-12-19 18:30:00',1669600.00,1668500.00,0.00,1100.00,0.00,0.00,'admin',5464,NULL),(1468,1000,'2017-12-19 18:30:00',1668500.00,1667400.00,0.00,1100.00,0.00,0.00,'admin',5465,NULL),(1469,1000,'2017-12-20 18:30:00',1667400.00,1666300.00,0.00,1100.00,0.00,0.00,'admin',5466,NULL),(1470,1000,'2017-12-20 18:30:00',1666300.00,1665300.00,0.00,1000.00,0.00,0.00,'admin',5467,NULL),(1471,1000,'2017-12-20 18:30:00',1665300.00,1664200.00,0.00,1100.00,0.00,0.00,'admin',5468,NULL),(1472,1000,'2017-12-20 18:30:00',1664200.00,1663000.00,0.00,1200.00,0.00,0.00,'admin',5469,NULL),(1473,1000,'2017-12-22 18:30:00',1663000.00,1662000.00,0.00,1000.00,0.00,0.00,'admin',5470,NULL),(1474,1000,'2017-12-22 18:30:00',1662000.00,1660900.00,0.00,1100.00,0.00,0.00,'admin',5471,NULL),(1475,1000,'2017-12-22 18:30:00',1660900.00,1659800.00,0.00,1100.00,0.00,0.00,'admin',5472,NULL),(1476,1000,'2017-12-22 18:30:00',1659800.00,1658700.00,0.00,1100.00,0.00,0.00,'admin',5473,NULL),(1477,1000,'2017-12-23 18:30:00',1658700.00,1657600.00,0.00,1100.00,0.00,0.00,'admin',5474,NULL),(1478,1000,'2017-12-23 18:30:00',1657600.00,1656500.00,0.00,1100.00,0.00,0.00,'admin',5475,NULL),(1479,1000,'2017-12-23 18:30:00',1656500.00,1655400.00,0.00,1100.00,0.00,0.00,'admin',5476,NULL),(1480,1000,'2017-12-23 18:30:00',1655400.00,1654300.00,0.00,1100.00,0.00,0.00,'admin',5477,NULL),(1481,1000,'2017-12-23 18:30:00',1654300.00,1653200.00,0.00,1100.00,0.00,0.00,'admin',5478,NULL),(1482,1000,'2017-12-24 18:30:00',1653200.00,1652100.00,0.00,1100.00,0.00,0.00,'admin',5479,NULL),(1483,1000,'2017-12-24 18:30:00',1652100.00,1651000.00,0.00,1100.00,0.00,0.00,'admin',5480,NULL),(1484,1000,'2017-12-24 18:30:00',1651000.00,1649900.00,0.00,1100.00,0.00,0.00,'admin',5481,NULL),(1485,1000,'2017-12-24 18:30:00',1649900.00,1648800.00,0.00,1100.00,0.00,0.00,'admin',5482,NULL),(1486,1000,'2017-12-24 18:30:00',1648800.00,1647700.00,0.00,1100.00,0.00,0.00,'admin',5483,NULL),(1487,1000,'2017-12-25 18:30:00',1647700.00,1646600.00,0.00,1100.00,0.00,0.00,'admin',5484,NULL),(1488,1000,'2017-12-25 18:30:00',1646600.00,1645500.00,0.00,1100.00,0.00,0.00,'admin',5485,NULL),(1489,1000,'2017-12-25 18:30:00',1645500.00,1644400.00,0.00,1100.00,0.00,0.00,'admin',5486,NULL),(1490,1000,'2017-12-25 18:30:00',1644400.00,1643300.00,0.00,1100.00,0.00,0.00,'admin',5487,NULL),(1491,1000,'2017-12-25 18:30:00',1643300.00,1642200.00,0.00,1100.00,0.00,0.00,'admin',5488,NULL),(1492,1000,'2017-12-28 18:30:00',1642200.00,1641100.00,0.00,1100.00,0.00,0.00,'admin',5489,NULL),(1493,1000,'2017-12-29 18:30:00',1641100.00,1640100.00,0.00,1000.00,0.00,0.00,'admin',5490,NULL),(1494,1000,'2017-12-29 18:30:00',1640100.00,1639000.00,0.00,1100.00,0.00,0.00,'admin',5491,NULL),(1495,1000,'2017-12-29 18:30:00',1639000.00,1637900.00,0.00,1100.00,0.00,0.00,'admin',5492,NULL),(1496,1000,'2017-12-30 18:30:00',1637900.00,1637400.00,0.00,500.00,0.00,0.00,'admin',5493,NULL),(1497,1001,'2017-06-01 18:30:00',1846440.00,1845440.00,0.00,1000.00,0.00,0.00,'admin',5494,NULL),(1498,1001,'2017-07-13 18:30:00',1845440.00,1844940.00,0.00,500.00,0.00,0.00,'admin',5495,NULL),(1499,1001,'2017-06-28 18:30:00',1844940.00,1843940.00,0.00,1000.00,0.00,0.00,'admin',5496,NULL),(1500,1000,'2017-06-16 18:30:00',1637400.00,1636200.00,0.00,1200.00,0.00,0.00,'admin',5497,NULL),(1501,1000,'2017-06-16 18:30:00',1636200.00,1635000.00,0.00,1200.00,0.00,0.00,'admin',5498,NULL),(1502,1000,'2017-07-06 18:30:00',1635000.00,1633900.00,0.00,1100.00,0.00,0.00,'admin',5499,NULL),(1503,1000,'2017-08-15 18:30:00',1633900.00,1632700.00,0.00,1200.00,0.00,0.00,'admin',5500,NULL),(1504,1000,'2017-08-06 18:30:00',1632700.00,1631600.00,0.00,1100.00,0.00,0.00,'admin',5501,NULL),(1505,1000,'2017-08-07 18:30:00',1631600.00,1630500.00,0.00,1100.00,0.00,0.00,'admin',5502,NULL),(1506,1000,'2017-08-07 18:30:00',1630500.00,1629400.00,0.00,1100.00,0.00,0.00,'admin',5503,NULL),(1507,1000,'2017-08-08 18:30:00',1629400.00,1628350.00,0.00,1050.00,0.00,0.00,'admin',5504,NULL),(1508,1001,'2017-06-01 18:30:00',1843940.00,1842940.00,0.00,1000.00,0.00,0.00,'admin',5505,NULL),(1509,1001,'2017-06-11 18:30:00',1842940.00,1841940.00,0.00,1000.00,0.00,0.00,'admin',5506,NULL),(1510,1001,'2017-06-28 18:30:00',1841940.00,1841640.00,0.00,300.00,0.00,0.00,'admin',5507,NULL),(1511,1001,'2017-06-03 18:30:00',1841640.00,1840640.00,0.00,1000.00,0.00,0.00,'admin',5508,NULL),(1512,1001,'2017-06-04 18:30:00',1840640.00,1839640.00,0.00,1000.00,0.00,0.00,'admin',5509,NULL),(1513,1001,'2017-06-04 18:30:00',1839640.00,1838640.00,0.00,1000.00,0.00,0.00,'admin',5510,NULL),(1514,1001,'2017-06-05 18:30:00',1838640.00,1837640.00,0.00,1000.00,0.00,0.00,'admin',5511,NULL),(1515,1001,'2017-07-03 18:30:00',1837640.00,1836640.00,0.00,1000.00,0.00,0.00,'admin',5512,NULL),(1516,1000,'2017-06-04 18:30:00',1628350.00,1627250.00,0.00,1100.00,0.00,0.00,'admin',5513,NULL),(1517,1000,'2017-06-04 18:30:00',1627250.00,1626150.00,0.00,1100.00,0.00,0.00,'admin',5514,NULL),(1518,1000,'2017-06-18 18:30:00',1626150.00,1625050.00,0.00,1100.00,0.00,0.00,'admin',5515,NULL),(1519,1001,'2017-06-02 18:30:00',1836640.00,1835640.00,0.00,1000.00,0.00,0.00,'admin',5516,NULL),(1520,1001,'2017-06-05 18:30:00',1835640.00,1834640.00,0.00,1000.00,0.00,0.00,'admin',5517,NULL),(1521,1001,'2017-06-14 18:30:00',1834640.00,1833640.00,0.00,1000.00,0.00,0.00,'admin',5518,NULL),(1522,1001,'2017-06-07 18:30:00',1833640.00,1832640.00,0.00,1000.00,0.00,0.00,'admin',5519,NULL),(1523,1001,'2017-06-07 18:30:00',1832640.00,1831640.00,0.00,1000.00,0.00,0.00,'admin',5520,NULL),(1524,1001,'2017-06-21 18:30:00',1831640.00,1830640.00,0.00,1000.00,0.00,0.00,'admin',5521,NULL),(1525,1001,'2017-06-22 18:30:00',1830640.00,1829640.00,0.00,1000.00,0.00,0.00,'admin',5522,NULL),(1526,1001,'2017-06-23 18:30:00',1829640.00,1828640.00,0.00,1000.00,0.00,0.00,'admin',5523,NULL),(1527,1001,'2017-07-01 18:30:00',1828640.00,1827640.00,0.00,1000.00,0.00,0.00,'admin',5524,NULL),(1528,1001,'2017-07-06 18:30:00',1827640.00,1826640.00,0.00,1000.00,0.00,0.00,'admin',5525,NULL),(1529,1000,'2017-08-15 18:30:00',1625050.00,1623850.00,0.00,1200.00,0.00,0.00,'admin',5526,NULL),(1530,1001,'2017-06-20 18:30:00',1826640.00,1825640.00,0.00,1000.00,0.00,0.00,'admin',5527,NULL),(1531,1001,'2017-06-22 18:30:00',1825640.00,1824540.00,0.00,1100.00,0.00,0.00,'admin',5528,NULL),(1532,1000,'2017-06-21 18:30:00',1623850.00,1622850.00,0.00,1000.00,0.00,0.00,'admin',5529,NULL),(1533,1001,'2017-06-28 18:30:00',1824540.00,1823540.00,0.00,1000.00,0.00,0.00,'admin',5530,NULL),(1534,1000,'2017-07-01 18:30:00',1622850.00,1619250.00,0.00,3600.00,0.00,0.00,'admin',5531,NULL),(1535,1001,'2017-07-02 18:30:00',1823540.00,1822540.00,0.00,1000.00,0.00,0.00,'admin',5532,NULL),(1536,1001,'2017-07-11 18:30:00',1822540.00,1821540.00,0.00,1000.00,0.00,0.00,'admin',5533,NULL),(1537,1001,'2017-07-03 18:30:00',1821540.00,1820540.00,0.00,1000.00,0.00,0.00,'admin',5534,NULL),(1538,1001,'2017-07-04 18:30:00',1820540.00,1819540.00,0.00,1000.00,0.00,0.00,'admin',5535,NULL),(1539,1000,'2017-07-04 18:30:00',1619250.00,1618250.00,0.00,1000.00,0.00,0.00,'admin',5536,NULL),(1540,1000,'2017-07-05 18:30:00',1618250.00,1617250.00,0.00,1000.00,0.00,0.00,'admin',5537,NULL),(1541,1000,'2017-07-04 18:30:00',1617250.00,1616250.00,0.00,1000.00,0.00,0.00,'admin',5538,NULL),(1542,1000,'2017-07-14 18:30:00',1616250.00,1615250.00,0.00,1000.00,0.00,0.00,'admin',5539,NULL),(1543,1001,'2017-07-05 18:30:00',1819540.00,1816540.00,0.00,3000.00,0.00,0.00,'admin',5540,NULL),(1544,1001,'2017-07-06 18:30:00',1816540.00,1814540.00,0.00,2000.00,0.00,0.00,'admin',5541,NULL),(1545,1001,'2017-07-05 18:30:00',1814540.00,1813540.00,0.00,1000.00,0.00,0.00,'admin',5542,NULL),(1546,1001,'2017-07-06 18:30:00',1813540.00,1812540.00,0.00,1000.00,0.00,0.00,'admin',5543,NULL),(1547,1001,'2017-07-07 18:30:00',1812540.00,1810540.00,0.00,2000.00,0.00,0.00,'admin',5544,NULL),(1548,1001,'2017-07-07 18:30:00',1810540.00,1808540.00,0.00,2000.00,0.00,0.00,'admin',5545,NULL),(1549,1001,'2017-07-12 18:30:00',1808540.00,1807540.00,0.00,1000.00,0.00,0.00,'admin',5546,NULL),(1550,1001,'2017-07-07 18:30:00',1807540.00,1806540.00,0.00,1000.00,0.00,0.00,'admin',5547,NULL),(1551,1001,'2017-07-12 18:30:00',1806540.00,1805540.00,0.00,1000.00,0.00,0.00,'admin',5548,NULL),(1552,1001,'2017-08-01 18:30:00',1805540.00,1805040.00,0.00,500.00,0.00,0.00,'admin',5549,NULL),(1553,1001,'2017-07-14 18:30:00',1805040.00,1803040.00,0.00,2000.00,0.00,0.00,'admin',5550,NULL),(1554,1001,'2017-07-17 18:30:00',1803040.00,1801040.00,0.00,2000.00,0.00,0.00,'admin',5551,NULL),(1555,1001,'2017-07-18 18:30:00',1801040.00,1800040.00,0.00,1000.00,0.00,0.00,'admin',5552,NULL),(1556,1001,'2017-07-19 18:30:00',1800040.00,1798040.00,0.00,2000.00,0.00,0.00,'admin',5553,NULL),(1557,1001,'2017-07-21 18:30:00',1798040.00,1797040.00,0.00,1000.00,0.00,0.00,'admin',5554,NULL),(1558,1001,'2017-07-18 18:30:00',1797040.00,1796040.00,0.00,1000.00,0.00,0.00,'admin',5555,NULL),(1559,1001,'2017-07-19 18:30:00',1796040.00,1795040.00,0.00,1000.00,0.00,0.00,'admin',5556,NULL),(1560,1001,'2017-07-20 18:30:00',1795040.00,1794040.00,0.00,1000.00,0.00,0.00,'admin',5557,NULL),(1561,1001,'2017-07-21 18:30:00',1794040.00,1793040.00,0.00,1000.00,0.00,0.00,'admin',5558,NULL),(1562,1001,'2017-07-25 18:30:00',1793040.00,1791040.00,0.00,2000.00,0.00,0.00,'admin',5559,NULL),(1563,1001,'2017-07-28 18:30:00',1791040.00,1788040.00,0.00,3000.00,0.00,0.00,'admin',5560,NULL),(1564,1001,'2017-07-29 18:30:00',1788040.00,1787040.00,0.00,1000.00,0.00,0.00,'admin',5561,NULL),(1565,1001,'2017-07-19 18:30:00',1787040.00,1786240.00,0.00,800.00,0.00,0.00,'admin',5562,NULL),(1566,1001,'2017-07-19 18:30:00',1786240.00,1785240.00,0.00,1000.00,0.00,0.00,'admin',5563,NULL),(1567,1001,'2017-07-24 18:30:00',1785240.00,1784240.00,0.00,1000.00,0.00,0.00,'admin',5564,NULL),(1568,1001,'2017-07-25 18:30:00',1784240.00,1783240.00,0.00,1000.00,0.00,0.00,'admin',5565,NULL),(1569,1000,'2017-07-20 18:30:00',1615250.00,1613050.00,0.00,2200.00,0.00,0.00,'admin',5566,NULL),(1570,1000,'2017-07-21 18:30:00',1613050.00,1610850.00,0.00,2200.00,0.00,0.00,'admin',5567,NULL),(1571,1000,'2017-07-24 18:30:00',1610850.00,1608650.00,0.00,2200.00,0.00,0.00,'admin',5568,NULL),(1572,1000,'2017-07-25 18:30:00',1608650.00,1607550.00,0.00,1100.00,0.00,0.00,'admin',5569,NULL),(1573,1000,'2017-07-27 18:30:00',1607550.00,1605350.00,0.00,2200.00,0.00,0.00,'admin',5570,NULL),(1574,1000,'2017-07-28 18:30:00',1605350.00,1604250.00,0.00,1100.00,0.00,0.00,'admin',5571,NULL),(1575,1000,'2017-07-30 18:30:00',1604250.00,1603150.00,0.00,1100.00,0.00,0.00,'admin',5572,NULL),(1576,1000,'2017-07-31 18:30:00',1603150.00,1600950.00,0.00,2200.00,0.00,0.00,'admin',5573,NULL),(1577,1000,'2017-08-01 18:30:00',1600950.00,1598750.00,0.00,2200.00,0.00,0.00,'admin',5574,NULL),(1578,1000,'2017-08-02 18:30:00',1598750.00,1597650.00,0.00,1100.00,0.00,0.00,'admin',5575,NULL),(1579,1000,'2017-08-04 18:30:00',1597650.00,1596550.00,0.00,1100.00,0.00,0.00,'admin',5576,NULL),(1580,1000,'2017-08-17 18:30:00',1596550.00,1594350.00,0.00,2200.00,0.00,0.00,'admin',5577,NULL),(1581,1000,'2017-08-18 18:30:00',1594350.00,1593250.00,0.00,1100.00,0.00,0.00,'admin',5578,NULL),(1582,1001,'2017-07-28 18:30:00',1783240.00,1782240.00,0.00,1000.00,0.00,0.00,'admin',5579,NULL),(1583,1000,'2017-08-21 18:30:00',1593250.00,1592150.00,0.00,1100.00,0.00,0.00,'admin',5580,NULL),(1584,1000,'2017-08-21 18:30:00',1592150.00,1591050.00,0.00,1100.00,0.00,0.00,'admin',5581,NULL),(1585,1001,'2017-09-08 18:30:00',1782240.00,1780240.00,0.00,2000.00,0.00,0.00,'admin',5582,NULL),(1586,1001,'2017-08-15 18:30:00',1780240.00,1779240.00,0.00,1000.00,0.00,0.00,'admin',5583,NULL),(1587,1001,'2017-08-16 18:30:00',1779240.00,1778240.00,0.00,1000.00,0.00,0.00,'admin',5584,NULL),(1588,1001,'2017-07-31 18:30:00',1778240.00,1777240.00,0.00,1000.00,0.00,0.00,'admin',5585,NULL),(1589,1001,'2017-08-01 18:30:00',1777240.00,1776240.00,0.00,1000.00,0.00,0.00,'admin',5586,NULL),(1590,1001,'2017-08-18 18:30:00',1776240.00,1775140.00,0.00,1100.00,0.00,0.00,'admin',5587,NULL),(1591,1001,'2017-08-21 18:30:00',1775140.00,1774340.00,0.00,800.00,0.00,0.00,'admin',5588,NULL),(1592,1002,'2018-11-05 13:17:52',21350.00,21100.00,0.00,250.00,0.00,0.00,'admin',5589,NULL),(1593,1002,'2017-08-10 18:30:00',21100.00,20850.00,0.00,250.00,0.00,0.00,'admin',5590,NULL),(1594,1002,'2017-08-08 18:30:00',20850.00,20550.00,0.00,300.00,0.00,0.00,'admin',5591,NULL),(1595,1002,'2017-08-10 18:30:00',20550.00,20250.00,0.00,300.00,0.00,0.00,'admin',5592,NULL),(1596,1001,'2017-08-02 18:30:00',1774340.00,1773340.00,0.00,1000.00,0.00,0.00,'admin',5593,NULL),(1597,1000,'2017-08-04 18:30:00',1591050.00,1590050.00,0.00,1000.00,0.00,0.00,'admin',5594,NULL),(1598,1000,'2017-08-05 18:30:00',1590050.00,1589050.00,0.00,1000.00,0.00,0.00,'admin',5595,NULL),(1599,1001,'2017-08-07 18:30:00',1773340.00,1770340.00,0.00,3000.00,0.00,0.00,'admin',5596,NULL),(1600,1000,'2017-08-12 18:30:00',1589050.00,1588050.00,0.00,1000.00,0.00,0.00,'admin',5597,NULL),(1601,1001,'2017-08-14 18:30:00',1770340.00,1769340.00,0.00,1000.00,0.00,0.00,'admin',5598,NULL),(1602,1002,'2017-08-18 18:30:00',20250.00,19950.00,0.00,300.00,0.00,0.00,'admin',5599,NULL),(1603,1001,'2017-09-02 18:30:00',1769340.00,1768290.00,0.00,1050.00,0.00,0.00,'admin',5600,NULL),(1604,1000,'2017-06-29 18:30:00',1588050.00,1585650.00,0.00,2400.00,0.00,0.00,'admin',5601,NULL),(1605,1002,'2017-07-11 18:30:00',19950.00,19350.00,0.00,600.00,0.00,0.00,'admin',5602,NULL),(1606,1000,'2017-11-25 18:30:00',1585650.00,1584550.00,0.00,1100.00,0.00,0.00,'admin',5603,NULL),(1607,1000,'2017-06-02 18:30:00',1584550.00,1583450.00,0.00,1100.00,0.00,0.00,'admin',5604,NULL),(1608,1000,'2017-06-03 18:30:00',1583450.00,1582350.00,0.00,1100.00,0.00,0.00,'admin',5605,NULL),(1609,1000,'2017-06-04 18:30:00',1582350.00,1581350.00,0.00,1000.00,0.00,0.00,'admin',5606,NULL),(1610,1000,'2017-06-05 18:30:00',1581350.00,1580350.00,0.00,1000.00,0.00,0.00,'admin',5607,NULL),(1611,1000,'2017-06-05 18:30:00',1580350.00,1579350.00,0.00,1000.00,0.00,0.00,'admin',5608,NULL),(1612,1000,'2017-06-07 18:30:00',1579350.00,1578150.00,0.00,1200.00,0.00,0.00,'admin',5609,NULL),(1613,1000,'2017-06-07 18:30:00',1578150.00,1576950.00,0.00,1200.00,0.00,0.00,'admin',5610,NULL),(1614,1002,'2017-06-08 18:30:00',19350.00,19050.00,0.00,300.00,0.00,0.00,'admin',5611,NULL),(1615,1000,'2017-06-09 18:30:00',1576950.00,1575850.00,0.00,1100.00,0.00,0.00,'admin',5612,NULL),(1616,1000,'2017-06-09 18:30:00',1575850.00,1574750.00,0.00,1100.00,0.00,0.00,'admin',5613,NULL),(1617,1000,'2017-06-12 18:30:00',1574750.00,1573650.00,0.00,1100.00,0.00,0.00,'admin',5614,NULL),(1618,1000,'2017-06-12 18:30:00',1573650.00,1572650.00,0.00,1000.00,0.00,0.00,'admin',5615,NULL),(1619,1000,'2017-06-12 18:30:00',1572650.00,1571550.00,0.00,1100.00,0.00,0.00,'admin',5616,NULL),(1620,1000,'2017-06-17 18:30:00',1571550.00,1570400.00,0.00,1150.00,0.00,0.00,'admin',5617,NULL),(1621,1000,'2017-06-18 18:30:00',1570400.00,1570300.00,0.00,100.00,0.00,0.00,'admin',5618,NULL),(1622,1000,'2017-06-19 18:30:00',1570300.00,1569200.00,0.00,1100.00,0.00,0.00,'admin',5619,NULL),(1623,1000,'2017-06-26 18:30:00',1569200.00,1568100.00,0.00,1100.00,0.00,0.00,'admin',5620,NULL),(1624,1001,'2017-07-29 18:30:00',1768290.00,1768090.00,0.00,200.00,0.00,0.00,'admin',5621,NULL);
/*!40000 ALTER TABLE `inventory_entry` ENABLE KEYS */;
UNLOCK TABLES;

--
-- Table structure for table `investment`
--

DROP TABLE IF EXISTS `investment`;
/*!40101 SET @saved_cs_client     = @@character_set_client */;
/*!40101 SET character_set_client = utf8 */;
CREATE TABLE `investment` (
  `CODE` int(5) NOT NULL AUTO_INCREMENT,
  `NAME` varchar(50) NOT NULL,
  `INVESTED_ON` timestamp NOT NULL DEFAULT CURRENT_TIMESTAMP ON UPDATE CURRENT_TIMESTAMP,
  `AMOUNT` double(10,2) NOT NULL,
  `INVESTOR_CODE` int(5) NOT NULL,
  PRIMARY KEY (`CODE`),
  KEY `INVESTOR_CODE` (`INVESTOR_CODE`),
  CONSTRAINT `investment_ibfk_1` FOREIGN KEY (`INVESTOR_CODE`) REFERENCES `investor` (`CODE`) ON DELETE CASCADE
) ENGINE=InnoDB AUTO_INCREMENT=1000 DEFAULT CHARSET=latin1;
/*!40101 SET character_set_client = @saved_cs_client */;

--
-- Dumping data for table `investment`
--

LOCK TABLES `investment` WRITE;
/*!40000 ALTER TABLE `investment` DISABLE KEYS */;
/*!40000 ALTER TABLE `investment` ENABLE KEYS */;
UNLOCK TABLES;

--
-- Table structure for table `investor`
--

DROP TABLE IF EXISTS `investor`;
/*!40101 SET @saved_cs_client     = @@character_set_client */;
/*!40101 SET character_set_client = utf8 */;
CREATE TABLE `investor` (
  `CODE` int(5) NOT NULL AUTO_INCREMENT,
  `NAME` varchar(50) NOT NULL,
  `CONTACT_PRIMARY` varchar(15) NOT NULL,
  `CONTACT_SECONDARY` varchar(15) DEFAULT NULL,
  PRIMARY KEY (`CODE`)
) ENGINE=InnoDB AUTO_INCREMENT=1005 DEFAULT CHARSET=latin1;
/*!40101 SET character_set_client = @saved_cs_client */;

--
-- Dumping data for table `investor`
--

LOCK TABLES `investor` WRITE;
/*!40000 ALTER TABLE `investor` DISABLE KEYS */;
INSERT INTO `investor` VALUES (1000,'CORPUS','0000','0000'),(1001,'RAJESH TRIPATHY','0000','0000'),(1002,'RAKESH TRIPATHY','0000','0000'),(1003,'PRASUN SARANGI','0000','0000'),(1004,'REENA RANI TRIPATHY','0000','0000');
/*!40000 ALTER TABLE `investor` ENABLE KEYS */;
UNLOCK TABLES;

--
-- Table structure for table `payment_mode`
--

DROP TABLE IF EXISTS `payment_mode`;
/*!40101 SET @saved_cs_client     = @@character_set_client */;
/*!40101 SET character_set_client = utf8 */;
CREATE TABLE `payment_mode` (
  `PAYMEMT_CODE` int(5) NOT NULL AUTO_INCREMENT,
  `PAYMEMT_CODE_NAME` varchar(50) NOT NULL,
  PRIMARY KEY (`PAYMEMT_CODE`)
) ENGINE=InnoDB AUTO_INCREMENT=1003 DEFAULT CHARSET=latin1;
/*!40101 SET character_set_client = @saved_cs_client */;

--
-- Dumping data for table `payment_mode`
--

LOCK TABLES `payment_mode` WRITE;
/*!40000 ALTER TABLE `payment_mode` DISABLE KEYS */;
INSERT INTO `payment_mode` VALUES (1000,'Cash'),(1001,'On Account'),(1002,'DD / Cheque');
/*!40000 ALTER TABLE `payment_mode` ENABLE KEYS */;
UNLOCK TABLES;

--
-- Table structure for table `product`
--

DROP TABLE IF EXISTS `product`;
/*!40101 SET @saved_cs_client     = @@character_set_client */;
/*!40101 SET character_set_client = utf8 */;
CREATE TABLE `product` (
  `CODE` int(5) NOT NULL AUTO_INCREMENT,
  `NAME` varchar(50) NOT NULL,
  `DESCRIPTION` varchar(30) DEFAULT NULL,
  `SALEABLE` int(1) DEFAULT NULL,
  `CREATED_BY` varchar(10) DEFAULT NULL,
  PRIMARY KEY (`CODE`)
) ENGINE=InnoDB AUTO_INCREMENT=1003 DEFAULT CHARSET=latin1;
/*!40101 SET character_set_client = @saved_cs_client */;

--
-- Dumping data for table `product`
--

LOCK TABLES `product` WRITE;
/*!40000 ALTER TABLE `product` DISABLE KEYS */;
INSERT INTO `product` VALUES (1000,'9 INCH - AUTOMATIC','STANDARD 9 INCH BRICK',0,NULL),(1001,'10 INCH - AUTOMATIC','STANDARD 10 INCH BRICK',0,NULL),(1002,'12 INCH BLOCK','12 INCH BLOCK',0,NULL);
/*!40000 ALTER TABLE `product` ENABLE KEYS */;
UNLOCK TABLES;

--
-- Table structure for table `product_price_row`
--

DROP TABLE IF EXISTS `product_price_row`;
/*!40101 SET @saved_cs_client     = @@character_set_client */;
/*!40101 SET character_set_client = utf8 */;
CREATE TABLE `product_price_row` (
  `CODE` int(10) NOT NULL AUTO_INCREMENT,
  `LAST_UPDATED_DATE` timestamp NOT NULL DEFAULT CURRENT_TIMESTAMP ON UPDATE CURRENT_TIMESTAMP,
  `BASEPRICE` double(10,2) NOT NULL,
  `VALID_FROM` date DEFAULT NULL,
  `VALID_TILL` date DEFAULT NULL,
  `PRODUCT_CODE` int(5) NOT NULL,
  PRIMARY KEY (`CODE`),
  KEY `PRODUCT_CODE` (`PRODUCT_CODE`),
  CONSTRAINT `product_price_row_ibfk_1` FOREIGN KEY (`PRODUCT_CODE`) REFERENCES `product` (`CODE`) ON DELETE CASCADE
) ENGINE=InnoDB AUTO_INCREMENT=1003 DEFAULT CHARSET=latin1;
/*!40101 SET character_set_client = @saved_cs_client */;

--
-- Dumping data for table `product_price_row`
--

LOCK TABLES `product_price_row` WRITE;
/*!40000 ALTER TABLE `product_price_row` DISABLE KEYS */;
INSERT INTO `product_price_row` VALUES (1000,'2018-11-02 18:30:00',4.00,NULL,NULL,1000),(1001,'2018-11-02 18:30:00',4.50,NULL,NULL,1001),(1002,'2018-11-02 18:30:00',15.00,NULL,NULL,1002);
/*!40000 ALTER TABLE `product_price_row` ENABLE KEYS */;
UNLOCK TABLES;

--
-- Table structure for table `vendor`
--

DROP TABLE IF EXISTS `vendor`;
/*!40101 SET @saved_cs_client     = @@character_set_client */;
/*!40101 SET character_set_client = utf8 */;
CREATE TABLE `vendor` (
  `CODE` int(5) NOT NULL AUTO_INCREMENT,
  `NAME` varchar(50) NOT NULL,
  `CONTACT_PRIMARY` varchar(15) NOT NULL,
  `CONTACT_SECONDARY` varchar(15) DEFAULT NULL,
  PRIMARY KEY (`CODE`),
  KEY `ID_VENDOR` (`CODE`)
) ENGINE=InnoDB AUTO_INCREMENT=1000 DEFAULT CHARSET=latin1;
/*!40101 SET character_set_client = @saved_cs_client */;

--
-- Dumping data for table `vendor`
--

LOCK TABLES `vendor` WRITE;
/*!40000 ALTER TABLE `vendor` DISABLE KEYS */;
/*!40000 ALTER TABLE `vendor` ENABLE KEYS */;
UNLOCK TABLES;
/*!40103 SET TIME_ZONE=@OLD_TIME_ZONE */;

/*!40101 SET SQL_MODE=@OLD_SQL_MODE */;
/*!40014 SET FOREIGN_KEY_CHECKS=@OLD_FOREIGN_KEY_CHECKS */;
/*!40014 SET UNIQUE_CHECKS=@OLD_UNIQUE_CHECKS */;
/*!40101 SET CHARACTER_SET_CLIENT=@OLD_CHARACTER_SET_CLIENT */;
/*!40101 SET CHARACTER_SET_RESULTS=@OLD_CHARACTER_SET_RESULTS */;
/*!40101 SET COLLATION_CONNECTION=@OLD_COLLATION_CONNECTION */;
/*!40111 SET SQL_NOTES=@OLD_SQL_NOTES */;

-- Dump completed on 2018-11-09 12:26:36
